id,owner_id,mid,rating,area
1,3,47,2,11
2,4,43,1,12
3,6,63,1,22
4,3,31,4,9
5,5,52,8,23
6,4,2,6,8
7,6,59,8,19
8,4,40,7,12
9,3,39,2,7
10,3,32,1,14
11,2,10,7,7
12,4,65,2,13
13,6,63,3,4
14,3,21,0,21
15,4,17,6,20
16,2,3,4,15
17,1,36,0,15
18,6,21,4,9
19,5,41,0,24
20,5,64,8,2
21,6,39,7,18
22,1,5,6,25
23,3,31,8,11
24,5,1,7,23
25,4,44,3,7
26,1,42,3,13
27,5,3,1,8
28,4,42,0,25
29,1,12,2,23
30,2,56,1,22
31,1,54,7,6
32,5,44,6,9
33,2,18,3,13
34,4,11,5,2
35,5,34,4,6
36,4,63,0,7
37,5,59,4,17
38,1,62,6,16
39,4,6,5,5
40,3,32,4,20
41,5,22,2,24
42,4,50,4,24
43,5,63,8,16
44,6,15,6,20
45,5,50,2,15
46,4,62,3,4
47,5,23,2,13
48,3,38,2,18
49,1,6,8,8
50,6,43,7,1
51,4,11,1,8
52,4,34,7,14
53,5,40,2,15
54,1,51,6,22
55,1,7,4,12
56,2,46,2,1
57,2,37,3,8
58,4,14,1,1
59,4,15,5,22
60,3,60,5,10
61,5,26,5,3
62,2,10,7,5
63,5,24,0,20
64,5,21,7,14
65,6,48,7,22
66,3,49,0,3
67,5,45,3,16
68,1,4,6,6
69,1,57,1,8
70,2,50,0,3
71,4,57,5,24
72,6,10,4,23
73,3,32,4,22
74,2,54,5,22
75,4,7,5,12
76,4,30,0,1
77,3,39,8,15
78,3,16,3,23
79,4,7,3,15
80,1,16,7,9
81,1,42,8,2
82,4,3,4,2
83,1,1,8,12
84,2,38,5,25
85,3,36,8,12
86,2,18,7,13
87,3,32,2,18
88,3,50,7,23
89,5,65,6,18
90,4,3,2,4
91,5,37,2,5
92,5,13,8,7
93,3,37,7,6
94,1,7,5,24
95,6,45,1,11
96,4,48,6,23
97,2,27,4,13
98,6,34,6,9
99,6,53,8,8
100,6,22,5,18
101,5,64,0,18
102,3,49,6,24
103,2,56,2,12
104,6,17,6,25
105,6,23,1,16
106,6,3,6,12
107,1,39,5,8
108,3,50,8,7
109,3,32,1,8
110,6,58,3,25
111,6,47,7,14
112,5,45,4,23
113,5,41,7,21
114,1,45,6,2
115,3,5,3,7
116,1,53,2,11
117,1,50,3,22
118,1,45,1,1
119,4,58,1,1
120,6,50,1,2
121,6,7,4,18
122,3,23,5,25
123,3,60,3,6
124,4,39,5,20
125,1,64,2,8
126,4,38,1,3
127,6,36,3,21
128,4,11,3,13
129,3,61,7,23
130,1,53,3,23
131,3,22,2,19
132,5,42,8,2
133,2,5,6,17
134,5,48,5,16
135,4,4,1,4
136,3,41,6,20
137,4,50,1,16
138,1,32,4,25
139,2,41,4,13
140,5,62,2,24
141,5,12,5,17
142,1,47,6,19
143,3,12,0,6
144,6,46,7,12
145,1,11,1,19
146,2,9,1,24
147,2,57,0,12
148,2,19,7,1
149,4,23,2,21
150,1,20,0,15
151,2,16,7,3
152,2,17,1,13
153,3,33,0,13
154,3,22,1,4
155,3,46,0,5
156,4,36,1,10
157,1,65,4,18
158,1,14,2,20
159,1,6,2,17
160,5,63,0,15
161,2,46,5,25
162,2,50,1,2
163,3,40,6,11
164,1,5,7,10
165,2,47,3,21
166,1,5,4,18
167,1,51,0,6
168,2,37,5,1
169,5,50,2,15
170,4,2,6,12
171,4,56,5,17
172,2,34,4,20
173,2,37,3,2
174,6,18,1,25
175,4,41,5,11
176,5,4,2,15
177,4,32,4,22
178,6,5,3,7
179,5,59,3,19
180,2,11,1,24
181,6,45,2,9
182,5,19,1,4
183,1,46,6,13
184,4,8,4,3
185,1,6,7,14
186,2,24,0,20
187,5,64,4,1
188,1,23,6,21
189,1,47,6,10
190,3,3,4,21
191,3,1,2,1
192,2,47,5,5
193,3,20,4,3
194,6,38,1,25
195,5,9,5,1
196,5,16,4,9
197,4,54,8,19
198,1,35,6,24
199,3,43,1,24
200,2,42,0,22
201,2,24,4,8
202,6,56,7,15
203,3,12,4,6
204,3,57,1,6
205,2,23,1,17
206,1,62,6,8
207,3,54,8,20
208,5,6,8,17
209,1,26,6,22
210,4,21,0,12
211,4,63,0,21
212,6,1,7,7
213,3,46,4,6
214,1,57,3,3
215,4,60,0,5
216,5,46,4,4
217,5,20,0,3
218,2,27,0,12
219,4,27,1,14
220,2,43,6,8
221,2,45,5,5
222,1,19,1,8
223,6,37,5,6
224,3,5,4,8
225,4,35,5,5
226,3,21,1,24
227,6,57,0,7
228,4,14,7,18
229,4,8,8,12
230,1,48,6,22
231,2,59,5,8
232,5,17,2,14
233,4,28,1,15
234,1,7,3,8
235,4,2,2,5
236,2,64,6,8
237,3,12,5,10
238,3,48,3,24
239,2,13,5,23
240,2,57,1,22
241,3,22,8,11
242,5,10,0,24
243,5,39,2,13
244,2,32,8,21
245,5,56,6,9
246,5,40,6,1
247,6,3,8,6
248,6,62,5,25
249,5,49,6,22
250,2,26,8,1
251,4,54,2,4
252,2,9,8,21
253,2,49,5,19
254,6,55,1,3
255,2,33,3,19
256,1,1,5,25
257,5,60,0,18
258,5,62,4,1
259,6,59,4,3
260,1,38,1,2
261,2,50,1,6
262,2,24,0,10
263,5,42,0,25
264,6,50,6,24
265,5,6,5,18
266,2,29,0,25
267,2,32,8,15
268,1,65,2,11
269,4,7,0,15
270,2,2,6,15
271,3,41,1,24
272,6,51,2,4
273,5,24,5,4
274,3,61,6,17
275,1,26,5,22
276,1,25,6,18
277,1,48,7,1
278,3,9,4,23
279,5,43,3,3
280,3,18,0,16
281,5,34,2,8
282,1,22,7,3
283,2,21,2,17
284,4,33,0,14
285,1,14,3,25
286,4,35,1,1
287,2,16,4,23
288,6,40,8,13
289,3,45,4,6
290,2,57,6,11
291,5,46,2,5
292,3,40,4,5
293,3,4,7,15
294,2,50,3,15
295,1,2,8,7
296,2,25,0,13
297,2,31,6,13
298,1,21,2,25
299,1,22,4,15
300,3,16,6,17
301,4,22,7,21
302,5,53,1,25
303,6,60,7,16
304,4,51,0,9
305,1,61,5,21
306,3,24,5,9
307,3,35,7,16
308,3,50,7,1
309,4,38,1,17
310,4,30,2,9
311,5,51,7,16
312,3,43,4,21
313,4,4,7,1
314,6,56,2,15
315,4,52,7,1
316,2,8,1,9
317,5,57,4,15
318,2,60,5,6
319,4,51,6,8
320,2,48,3,11
321,2,28,0,20
322,1,3,3,21
323,6,40,5,7
324,5,14,3,1
325,3,15,1,21
326,2,56,1,24
327,6,42,8,10
328,6,48,6,9
329,5,60,1,24
330,1,57,0,25
331,6,60,1,20
332,3,19,4,12
333,5,46,1,15
334,5,55,6,24
335,5,5,8,2
336,5,36,3,14
337,5,31,2,16
338,4,59,3,5
339,1,18,0,12
340,1,65,0,18
341,6,36,2,7
342,1,59,4,20
343,1,58,6,19
344,5,36,1,24
345,1,5,5,15
346,4,57,0,22
347,6,26,5,7
348,4,47,0,22
349,5,36,3,8
350,3,39,8,8
351,5,34,7,20
352,4,54,8,11
353,2,10,1,13
354,2,33,0,3
355,3,41,1,8
356,5,39,3,24
357,6,33,2,5
358,3,55,0,16
359,6,52,6,24
360,1,30,3,14
361,1,41,7,19
362,5,44,5,1
363,6,21,8,14
364,2,48,6,17
365,2,56,8,21
366,4,30,1,1
367,5,62,8,11
368,1,35,5,23
369,3,3,8,21
370,1,21,4,11
371,5,28,3,3
372,2,18,3,15
373,1,31,5,1
374,5,8,3,16
375,3,47,4,12
376,2,34,6,4
377,1,4,1,13
378,4,26,8,13
379,2,21,5,2
380,3,53,6,1
381,3,54,1,4
382,6,47,5,9
383,5,51,7,14
384,1,61,8,4
385,6,43,6,12
386,1,27,6,10
387,4,56,5,3
388,5,32,6,14
389,1,60,5,15
390,5,3,5,18
391,6,37,5,2
392,2,11,4,16
393,5,56,0,15
394,4,43,1,12
395,4,14,2,20
396,2,64,2,24
397,2,6,7,17
398,6,50,2,6
399,2,60,5,7
400,4,59,7,20
401,2,5,3,17
402,5,60,8,24
403,2,21,1,5
404,4,57,3,10
405,1,63,4,1
406,3,61,0,10
407,4,11,5,14
408,1,61,3,10
409,5,9,5,17
410,5,46,2,6
411,3,40,1,16
412,6,5,7,25
413,5,48,6,19
414,6,29,7,8
415,5,47,5,19
416,6,54,6,16
417,2,16,3,10
418,3,65,3,14
419,2,6,7,4
420,1,53,0,24
421,5,46,7,11
422,6,17,4,4
423,3,32,5,18
424,5,39,6,19
425,1,58,3,4
426,2,52,0,23
427,5,21,2,2
428,3,65,4,15
429,4,41,6,20
430,4,2,5,18
431,1,2,8,20
432,3,1,6,7
433,5,54,5,17
434,3,49,6,10
435,4,55,0,25
436,6,36,2,24
437,3,47,5,21
438,5,12,8,10
439,6,48,6,1
440,4,12,8,16
441,6,31,5,2
442,3,11,6,13
443,1,60,5,3
444,5,64,5,6
445,6,6,2,7
446,2,39,5,11
447,4,29,5,17
448,3,34,8,17
449,6,64,2,5
450,6,14,7,8
451,5,48,8,4
452,3,12,1,3
453,2,40,8,17
454,6,15,8,12
455,5,28,8,18
456,3,49,0,25
457,2,49,1,1
458,6,17,4,24
459,4,31,8,10
460,3,7,8,21
461,4,14,4,18
462,6,1,3,18
463,4,11,8,10
464,2,10,5,7
465,2,26,3,12
466,5,2,3,19
467,4,14,6,15
468,2,11,5,20
469,3,33,0,9
470,4,53,7,3
471,6,61,0,13
472,5,30,4,24
473,1,44,1,15
474,3,2,8,18
475,1,29,3,13
476,6,15,8,10
477,1,52,8,6
478,6,40,2,19
479,3,19,7,16
480,2,27,6,12
481,6,23,3,8
482,6,17,3,5
483,5,32,2,18
484,3,17,3,23
485,6,13,1,19
486,1,42,0,14
487,5,35,5,22
488,5,8,8,6
489,2,29,1,19
490,5,53,1,8
491,4,44,3,12
492,3,26,2,12
493,2,49,2,8
494,2,54,7,5
495,1,6,8,21
496,1,50,0,2
497,2,20,2,2
498,1,3,3,16
499,3,23,5,6
500,2,34,1,4
501,2,62,5,1
502,5,5,6,2
503,5,35,5,15
504,2,30,0,8
505,3,23,8,10
506,5,22,3,4
507,3,39,1,11
508,4,4,1,8
509,4,51,2,21
510,6,25,8,4
511,1,49,7,6
512,2,40,1,6
513,6,51,4,20
514,5,3,1,12
515,3,9,1,19
516,5,6,6,16
517,2,61,8,12
518,2,53,3,3
519,4,53,4,8
520,6,28,4,24
521,6,2,0,21
522,4,57,0,3
523,3,15,5,17
524,6,43,4,17
525,3,41,0,24
526,4,59,8,7
527,4,20,0,25
528,6,51,8,16
529,6,20,1,2
530,3,37,4,23
531,2,47,4,24
532,3,31,1,17
533,6,12,5,15
534,5,35,8,13
535,1,64,8,1
536,6,21,2,4
537,2,20,8,12
538,5,64,7,24
539,5,65,0,6
540,2,18,1,24
541,1,35,5,18
542,5,36,2,22
543,3,8,4,1
544,4,63,7,9
545,3,58,7,3
546,6,33,3,17
547,6,1,6,3
548,3,9,6,5
549,6,40,2,3
550,3,12,1,20
551,6,6,8,22
552,6,45,1,5
553,5,47,8,2
554,5,48,5,8
555,3,53,7,11
556,2,9,7,9
557,1,61,3,12
558,6,43,3,3
559,6,57,0,23
560,2,36,7,1
561,1,20,0,4
562,5,42,2,19
563,6,4,1,3
564,2,37,1,23
565,5,47,3,4
566,3,52,6,20
567,3,45,3,9
568,1,51,7,20
569,5,21,5,1
570,1,47,5,8
571,6,41,4,6
572,2,38,6,10
573,6,30,3,14
574,2,38,5,11
575,4,4,5,23
576,6,14,4,10
577,2,17,7,24
578,2,21,8,23
579,2,35,6,10
580,2,1,6,3
581,6,54,3,24
582,2,55,4,2
583,4,54,8,12
584,4,25,7,4
585,2,29,8,23
586,2,50,4,9
587,1,18,8,3
588,4,26,6,13
589,6,43,0,24
590,5,45,0,6
591,3,52,5,19
592,5,45,2,24
593,4,5,2,3
594,4,18,2,11
595,1,31,7,9
596,3,55,6,24
597,2,15,3,17
598,6,36,1,2
599,4,27,7,10
600,2,4,8,14
601,6,33,6,5
602,1,26,4,10
603,1,29,8,6
604,2,46,5,16
605,3,4,7,15
606,1,2,4,19
607,2,60,4,5
608,2,51,0,8
609,1,43,3,15
610,1,11,1,11
611,5,41,6,2
612,6,54,6,25
613,1,30,6,20
614,3,31,8,9
615,5,15,4,22
616,6,8,1,6
617,3,13,2,6
618,1,54,1,13
619,5,42,4,13
620,2,44,1,17
621,5,53,0,15
622,3,60,3,25
623,1,14,0,1
624,1,63,4,20
625,3,50,8,10
626,6,50,0,11
627,4,36,7,25
628,6,7,8,2
629,2,25,2,18
630,3,37,3,5
631,6,39,8,11
632,4,32,1,24
633,1,46,1,11
634,6,10,3,7
635,3,48,4,10
636,6,49,8,23
637,6,40,0,22
638,2,43,5,8
639,4,17,6,4
640,6,54,7,9
641,1,6,3,25
642,4,13,4,24
643,3,44,2,8
644,1,52,5,18
645,3,33,4,5
646,1,17,6,24
647,2,30,0,21
648,6,36,4,12
649,6,62,8,9
650,3,39,6,5
651,3,33,1,2
652,6,43,7,3
653,4,33,8,6
654,1,39,5,5
655,2,40,8,16
656,6,27,6,5
657,5,32,7,7
658,2,27,3,4
659,5,1,5,10
660,3,28,0,14
661,5,55,3,7
662,4,1,1,24
663,4,41,3,20
664,3,24,7,23
665,6,4,4,8
666,3,41,7,8
667,3,17,1,18
668,2,40,5,3
669,6,17,2,4
670,3,61,7,15
671,1,61,8,25
672,2,16,7,20
673,1,6,0,13
674,1,17,1,19
675,1,54,8,1
676,4,58,8,5
677,4,9,7,5
678,2,1,0,1
679,6,10,2,1
680,3,9,4,16
681,4,6,8,14
682,4,53,6,20
683,1,17,3,20
684,3,34,2,16
685,6,23,7,24
686,4,11,1,10
687,1,1,1,15
688,2,43,2,23
689,5,13,0,13
690,3,21,2,7
691,2,20,6,8
692,2,38,3,19
693,3,5,1,20
694,1,53,5,6
695,3,33,2,3
696,4,48,5,17
697,5,22,3,13
698,5,8,1,4
699,4,58,7,6
700,1,36,8,8
701,5,14,7,24
702,1,31,1,12
703,5,50,6,9
704,4,57,2,24
705,3,1,6,7
706,2,60,4,2
707,1,19,5,18
708,4,59,7,18
709,3,24,3,7
710,3,54,5,14
711,3,10,5,24
712,4,50,0,23
713,3,50,8,11
714,3,13,2,3
715,6,54,2,15
716,6,9,4,4
717,3,24,7,4
718,1,60,6,23
719,3,62,4,17
720,5,32,0,20
721,3,58,0,5
722,3,56,3,19
723,5,9,8,11
724,4,22,6,22
725,3,48,8,5
726,6,32,0,8
727,4,16,1,4
728,3,44,3,13
729,4,4,4,7
730,6,42,4,3
731,3,59,5,19
732,5,16,4,1
733,2,53,0,3
734,6,21,7,4
735,1,27,8,10
736,4,56,2,2
737,2,3,6,3
738,5,63,3,22
739,6,32,5,3
740,1,45,0,12
741,3,46,3,9
742,3,39,6,16
743,2,52,1,1
744,4,20,5,24
745,4,2,1,19
746,6,55,0,22
747,4,34,6,8
748,5,31,2,4
749,5,65,0,19
750,4,38,3,3
751,4,35,3,23
752,6,28,0,13
753,6,17,0,23
754,5,8,2,14
755,6,46,2,3
756,3,39,5,8
757,1,51,2,8
758,4,60,1,5
759,1,43,8,8
760,6,44,3,10
761,6,10,8,10
762,4,49,8,21
763,6,37,8,5
764,6,51,1,19
765,6,57,3,8
766,6,20,4,22
767,2,56,0,14
768,1,48,6,7
769,4,26,4,18
770,6,41,8,3
771,1,26,2,7
772,2,53,6,23
773,2,20,1,9
774,5,35,3,24
775,2,25,4,17
776,1,49,0,11
777,4,45,4,21
778,5,53,5,1
779,3,29,5,19
780,6,25,5,16
781,1,36,3,20
782,3,6,3,16
783,4,58,2,17
784,5,10,8,21
785,4,13,0,11
786,6,63,6,23
787,5,53,5,3
788,1,37,1,5
789,3,55,3,23
790,3,53,1,19
791,3,20,7,15
792,5,4,6,22
793,3,64,3,10
794,6,57,4,14
795,6,44,7,6
796,3,11,6,5
797,6,55,5,19
798,4,9,2,1
799,1,17,0,15
800,5,22,7,23
801,2,5,1,25
802,4,18,7,21
803,3,1,2,25
804,3,37,1,22
805,3,17,7,3
806,3,37,7,9
807,5,20,3,6
808,1,37,2,17
809,4,4,1,22
810,3,13,5,20
811,3,41,5,24
812,4,15,7,9
813,2,2,4,17
814,6,30,7,3
815,6,4,4,23
816,2,63,1,22
817,4,30,0,5
818,4,54,5,7
819,5,7,1,21
820,1,31,5,10
821,6,59,0,14
822,6,40,8,20
823,4,12,8,15
824,6,20,5,5
825,2,23,0,9
826,1,25,4,14
827,1,18,5,21
828,2,25,4,4
829,6,39,5,1
830,2,45,4,13
831,2,13,1,19
832,2,35,0,7
833,3,30,1,19
834,2,35,2,13
835,2,38,3,23
836,6,7,3,8
837,1,25,5,18
838,4,57,4,21
839,6,50,6,4
840,2,16,7,22
841,4,23,8,5
842,4,40,1,20
843,5,64,2,18
844,1,62,6,13
845,3,5,4,17
846,3,45,1,7
847,3,17,7,24
848,4,10,8,18
849,6,37,3,19
850,2,18,0,22
851,3,6,7,7
852,1,9,4,19
853,5,13,0,24
854,2,12,8,13
855,2,43,7,2
856,5,25,2,14
857,5,39,1,1
858,5,2,0,18
859,1,25,7,4
860,2,50,3,16
861,2,49,2,21
862,1,47,1,19
863,4,19,0,22
864,2,44,5,17
865,4,8,5,15
866,5,53,7,17
867,6,4,3,3
868,5,27,1,18
869,1,34,3,5
870,4,16,3,4
871,3,56,3,18
872,2,45,2,8
873,1,64,0,24
874,2,39,2,7
875,1,59,7,17
876,6,17,1,23
877,4,48,5,20
878,3,46,6,4
879,5,38,6,6
880,5,34,3,25
881,1,46,5,24
882,1,54,0,9
883,1,52,8,22
884,1,46,5,25
885,5,54,6,5
886,6,54,2,19
887,1,61,5,19
888,5,27,0,22
889,6,45,7,25
890,5,62,7,8
891,5,55,7,15
892,1,33,5,20
893,2,31,5,8
894,4,44,1,11
895,3,63,7,7
896,1,23,1,22
897,4,23,7,6
898,1,52,3,24
899,5,2,5,16
900,1,22,3,25
901,3,39,2,25
902,1,6,1,8
903,3,10,8,7
904,4,65,6,14
905,2,1,6,6
906,2,49,3,8
907,3,29,5,25
908,4,46,7,18
909,5,46,2,22
910,3,49,7,20
911,3,9,8,4
912,2,23,7,6
913,5,12,8,13
914,4,58,8,12
915,4,57,2,6
916,6,12,3,25
917,3,2,7,24
918,2,22,3,16
919,3,36,5,20
920,5,33,7,15
921,2,64,8,19
922,1,59,2,12
923,4,27,6,18
924,6,64,5,25
925,1,20,7,6
926,3,9,6,20
927,5,11,1,6
928,1,22,3,8
929,6,41,1,18
930,2,3,7,13
931,4,20,2,11
932,4,55,3,5
933,2,25,8,2
934,2,60,2,16
935,5,25,3,1
936,5,58,2,4
937,2,16,5,16
938,4,27,5,5
939,6,21,2,15
940,4,27,1,12
941,4,51,8,22
942,5,17,5,17
943,6,62,1,21
944,4,39,7,21
945,4,34,2,10
946,3,20,2,19
947,5,34,7,16
948,5,27,8,11
949,3,42,7,15
950,3,49,1,14
951,2,18,5,8
952,1,14,7,22
953,4,36,3,12
954,1,21,7,13
955,6,15,5,23
956,5,46,6,8
957,6,61,6,16
958,2,54,1,6
959,5,54,8,4
960,1,54,2,7
961,5,19,0,13
962,4,44,5,19
963,1,53,1,13
964,5,34,5,14
965,3,2,7,1
966,6,27,4,12
967,2,29,5,14
968,4,17,0,10
969,6,21,8,7
970,5,47,5,16
971,4,55,4,13
972,3,18,4,25
973,3,17,5,8
974,1,6,3,25
975,2,12,2,22
976,1,61,4,13
977,6,50,1,7
978,2,26,6,6
979,5,23,1,8
980,6,50,5,25
981,1,19,5,24
982,2,25,8,21
983,1,41,7,14
984,6,23,6,21
985,5,30,6,2
986,2,33,8,19
987,2,40,1,10
988,1,25,1,18
989,1,51,5,19
990,5,25,2,14
991,5,24,0,11
992,3,13,0,5
993,6,20,6,17
994,5,12,7,20
995,4,55,4,20
996,6,13,6,15
997,2,32,2,25
998,1,15,1,15
999,1,27,4,20
1000,3,18,3,5
1001,1,8,2,4
1002,4,38,1,11
1003,3,64,6,5
1004,2,17,4,13
1005,2,6,6,10
1006,4,47,0,1
1007,5,26,3,2
1008,4,46,2,6
1009,4,20,5,18
1010,1,31,6,10
1011,3,63,8,12
1012,4,23,5,1
1013,3,22,0,16
1014,5,28,8,23
1015,6,49,0,10
1016,2,23,5,2
1017,2,57,7,9
1018,3,1,5,24
1019,6,32,4,9
1020,3,53,3,17
1021,6,60,2,21
1022,3,33,8,20
1023,1,19,0,4
1024,1,11,4,18
1025,1,12,4,3
1026,6,39,0,8
1027,2,64,4,12
1028,1,19,7,21
1029,2,24,4,8
1030,6,26,7,21
1031,4,61,8,5
1032,3,60,7,6
1033,6,15,3,11
1034,4,53,2,12
1035,1,12,1,20
1036,4,19,5,15
1037,3,24,0,21
1038,2,56,3,8
1039,6,30,5,16
1040,1,49,8,8
1041,2,59,0,2
1042,3,25,2,18
1043,5,7,7,22
1044,6,2,5,14
1045,1,12,4,3
1046,1,11,4,14
1047,5,64,0,4
1048,1,25,7,24
1049,2,37,4,19
1050,6,57,3,13
1051,4,33,8,9
1052,3,14,5,22
1053,5,16,7,4
1054,6,32,1,6
1055,4,16,3,23
1056,4,23,2,1
1057,2,7,3,16
1058,3,16,8,17
1059,3,15,0,13
1060,1,53,4,18
1061,4,38,1,6
1062,1,31,0,15
1063,6,42,0,23
1064,1,59,7,4
1065,1,59,1,20
1066,5,42,3,3
1067,5,16,3,3
1068,3,41,0,25
1069,6,37,6,23
1070,5,49,1,6
1071,2,55,1,25
1072,6,16,2,25
1073,2,29,6,16
1074,5,44,2,9
1075,4,43,7,16
1076,4,1,5,7
1077,3,45,1,6
1078,4,8,2,24
1079,2,64,0,25
1080,2,25,8,20
1081,3,7,7,6
1082,4,46,3,8
1083,3,30,4,13
1084,4,53,4,8
1085,6,6,5,10
1086,6,38,4,11
1087,5,3,0,5
1088,6,1,1,12
1089,3,30,4,6
1090,4,34,0,24
1091,6,35,5,20
1092,5,44,6,1
1093,4,12,2,1
1094,2,12,0,13
1095,1,41,8,3
1096,1,39,4,7
1097,3,18,6,5
1098,2,55,7,21
1099,2,45,3,18
1100,2,49,5,15
1101,4,47,1,18
1102,5,26,4,22
1103,2,43,6,9
1104,5,14,1,12
1105,4,23,6,17
1106,1,12,6,10
1107,4,26,2,4
1108,1,16,1,5
1109,6,28,5,11
1110,2,50,6,12
1111,1,52,7,22
1112,3,36,2,14
1113,2,5,0,25
1114,1,47,5,23
1115,1,11,3,7
1116,4,22,8,18
1117,2,58,8,14
1118,4,12,5,2
1119,3,5,2,12
1120,4,38,6,9
1121,5,31,0,1
1122,2,14,6,1
1123,5,64,5,17
1124,3,63,8,13
1125,2,63,3,5
1126,3,10,6,25
1127,6,7,3,9
1128,4,26,4,24
1129,2,48,5,20
1130,2,3,0,24
1131,4,42,6,20
1132,3,5,6,7
1133,3,43,0,14
1134,2,45,1,15
1135,6,33,5,8
1136,2,55,8,8
1137,4,64,7,11
1138,5,59,5,10
1139,5,4,6,9
1140,5,64,0,25
1141,3,19,4,24
1142,2,14,1,4
1143,6,53,1,12
1144,6,49,8,11
1145,1,3,3,3
1146,6,58,6,22
1147,3,2,3,14
1148,1,20,4,7
1149,3,10,3,17
1150,2,45,1,12
1151,1,28,6,3
1152,1,34,5,8
1153,6,51,4,17
1154,3,60,2,16
1155,6,39,1,9
1156,2,15,2,12
1157,3,58,3,5
1158,4,55,4,3
1159,4,63,2,1
1160,2,17,8,12
1161,1,9,3,7
1162,2,23,0,8
1163,1,11,2,8
1164,2,40,1,21
1165,1,25,0,6
1166,3,33,6,24
1167,1,25,4,3
1168,3,15,8,9
1169,1,37,0,25
1170,1,9,6,23
1171,6,15,2,8
1172,2,3,1,22
1173,3,37,7,6
1174,5,9,1,25
1175,6,48,3,24
1176,6,51,1,19
1177,4,3,2,12
1178,4,9,3,16
1179,3,6,7,25
1180,4,11,6,25
1181,4,36,2,23
1182,1,42,1,6
1183,6,9,3,13
1184,2,47,3,25
1185,5,47,2,1
1186,1,18,7,1
1187,2,1,6,24
1188,6,40,1,3
1189,1,11,2,18
1190,5,16,7,15
1191,6,33,1,16
1192,2,1,8,13
1193,1,49,1,17
1194,2,42,3,19
1195,5,24,3,12
1196,5,12,8,9
1197,6,37,2,2
1198,1,28,4,13
1199,3,13,7,7
1200,6,59,4,16
1201,3,23,0,10
1202,1,44,7,19
1203,6,15,7,5
1204,1,33,2,20
1205,4,56,8,25
1206,1,9,4,22
1207,5,39,6,14
1208,1,65,0,18
1209,6,25,6,8
1210,5,55,8,3
1211,1,46,0,4
1212,1,32,5,21
1213,6,64,1,7
1214,3,48,3,23
1215,5,40,6,2
1216,4,1,3,9
1217,2,10,0,11
1218,3,52,4,25
1219,4,51,0,3
1220,2,2,4,2
1221,4,9,5,2
1222,4,33,0,1
1223,6,59,0,2
1224,3,37,6,12
1225,6,54,8,11
1226,6,19,0,13
1227,2,29,3,4
1228,3,37,3,25
1229,1,3,2,9
1230,6,48,3,7
1231,1,60,2,6
1232,3,38,0,1
1233,6,4,6,20
1234,2,48,2,19
1235,3,58,8,22
1236,1,30,1,16
1237,5,2,7,6
1238,2,28,8,10
1239,2,53,5,5
1240,6,52,6,4
1241,3,50,8,4
1242,3,36,1,1
1243,6,24,0,11
1244,5,43,8,23
1245,3,9,4,13
1246,5,61,5,12
1247,5,15,2,18
1248,2,29,8,19
1249,4,50,3,5
1250,5,13,0,12
1251,4,23,6,13
1252,1,53,4,8
1253,4,51,0,18
1254,3,42,8,14
1255,2,61,5,8
1256,4,39,1,23
1257,4,40,8,4
1258,5,29,2,24
1259,3,54,2,21
1260,2,53,6,10
1261,1,5,6,7
1262,1,48,0,20
1263,1,23,2,5
1264,4,26,0,9
1265,5,56,8,18
1266,1,14,8,1
1267,1,48,4,18
1268,3,32,4,5
1269,6,3,2,12
1270,5,26,6,3
1271,2,2,7,25
1272,4,35,5,12
1273,5,27,2,4
1274,1,46,8,24
1275,4,14,3,23
1276,2,17,2,10
1277,2,22,1,20
1278,1,44,2,5
1279,2,63,8,23
1280,6,48,1,24
1281,5,48,4,25
1282,5,30,2,13
1283,2,16,0,17
1284,1,30,6,8
1285,6,37,1,22
1286,5,34,5,9
1287,6,50,7,4
1288,6,63,0,19
1289,1,32,8,6
1290,3,15,4,24
1291,3,50,0,23
1292,4,51,2,25
1293,2,36,3,7
1294,1,40,7,20
1295,4,62,8,19
1296,1,25,3,23
1297,3,58,4,2
1298,5,46,7,24
1299,5,2,3,15
1300,6,57,6,12
1301,3,9,7,2
1302,6,49,3,3
1303,2,21,2,25
1304,4,49,5,14
1305,4,57,3,7
1306,4,38,6,10
1307,1,34,4,24
1308,3,14,4,18
1309,1,64,1,18
1310,6,9,6,5
1311,4,44,2,12
1312,1,44,6,23
1313,6,45,2,14
1314,4,34,7,11
1315,5,14,2,4
1316,4,27,5,16
1317,1,24,6,8
1318,6,2,1,5
1319,2,13,4,24
1320,6,12,6,7
1321,2,1,6,11
1322,2,25,8,7
1323,3,61,8,9
1324,5,57,2,5
1325,6,37,2,15
1326,3,26,0,14
1327,6,43,4,13
1328,4,11,2,12
1329,1,62,4,14
1330,4,48,0,21
1331,1,22,2,10
1332,5,33,5,14
1333,6,62,8,5
1334,3,41,8,3
1335,6,52,2,20
1336,1,30,5,5
1337,6,2,0,1
1338,4,34,7,19
1339,5,48,0,11
1340,6,12,4,16
1341,4,25,7,4
1342,3,58,8,14
1343,3,6,3,10
1344,1,11,8,7
1345,5,34,0,21
1346,6,2,3,25
1347,3,60,1,14
1348,4,12,7,3
1349,6,20,4,10
1350,3,26,8,17
1351,2,7,7,18
1352,5,26,4,17
1353,3,62,7,7
1354,6,47,0,3
1355,1,29,4,20
1356,1,40,1,4
1357,4,22,1,9
1358,2,23,0,13
1359,1,64,1,8
1360,1,44,2,7
1361,3,10,0,23
1362,1,43,6,16
1363,4,63,4,17
1364,4,4,1,23
1365,3,13,0,2
1366,4,46,7,6
1367,3,53,1,19
1368,1,26,3,8
1369,2,5,2,7
1370,1,32,1,1
1371,1,28,8,13
1372,2,26,3,24
1373,4,21,8,13
1374,5,19,2,9
1375,2,22,2,14
1376,3,52,6,24
1377,5,13,8,23
1378,4,61,1,15
1379,4,17,5,1
1380,5,49,4,2
1381,5,16,5,5
1382,4,10,1,1
1383,1,6,6,18
1384,6,56,5,10
1385,6,17,4,4
1386,1,1,4,1
1387,6,6,5,8
1388,4,49,2,22
1389,2,30,7,24
1390,3,40,0,16
1391,4,29,6,21
1392,4,45,5,4
1393,5,55,2,2
1394,1,4,7,11
1395,4,12,4,1
1396,4,20,5,13
1397,5,22,5,9
1398,3,49,3,3
1399,4,23,0,8
1400,1,37,2,3
1401,4,25,1,5
1402,1,9,5,12
1403,3,56,1,23
1404,5,57,0,8
1405,5,60,5,23
1406,1,11,1,23
1407,2,38,7,13
1408,1,48,2,22
1409,2,32,3,16
1410,1,7,7,25
1411,4,6,4,14
1412,2,42,5,20
1413,4,1,2,13
1414,1,23,6,24
1415,6,44,1,10
1416,4,34,6,2
1417,1,17,6,20
1418,5,39,7,8
1419,6,28,8,24
1420,2,65,2,13
1421,4,4,2,8
1422,3,6,3,22
1423,5,47,2,5
1424,1,44,7,21
1425,3,16,1,19
1426,5,61,3,18
1427,3,44,0,25
1428,3,39,8,16
1429,5,14,8,2
1430,4,46,6,16
1431,3,5,4,13
1432,3,24,7,1
1433,6,65,4,10
1434,5,6,5,12
1435,4,28,4,4
1436,3,18,2,21
1437,6,11,7,16
1438,3,6,2,12
1439,3,23,5,10
1440,5,51,2,18
1441,6,54,0,10
1442,2,62,2,23
1443,3,41,1,18
1444,2,59,7,17
1445,2,32,5,19
1446,2,33,0,24
1447,6,56,1,11
1448,5,61,8,14
1449,1,64,8,21
1450,6,4,7,8
1451,1,54,8,22
1452,5,34,6,12
1453,2,2,5,7
1454,1,41,3,4
1455,4,50,2,24
1456,1,55,6,12
1457,1,39,6,20
1458,6,20,8,8
1459,3,47,2,8
1460,2,42,8,10
1461,4,23,3,5
1462,1,22,6,13
1463,3,25,6,12
1464,4,20,5,12
1465,2,36,4,4
1466,4,7,6,1
1467,2,36,1,23
1468,5,22,4,10
1469,4,10,5,21
1470,3,2,1,9
1471,2,64,5,9
1472,5,33,5,21
1473,1,33,4,3
1474,2,5,0,17
1475,3,61,4,25
1476,5,10,2,3
1477,3,32,8,21
1478,5,18,2,1
1479,6,14,3,24
1480,2,45,4,3
1481,4,12,8,13
1482,1,7,6,15
1483,3,44,3,23
1484,3,42,5,12
1485,6,16,6,8
1486,4,34,2,22
1487,1,55,1,14
1488,3,17,2,22
1489,3,53,0,9
1490,1,36,6,9
1491,4,57,1,11
1492,3,41,2,21
1493,2,41,5,5
1494,1,47,5,22
1495,3,44,6,8
1496,3,56,5,12
1497,3,2,2,7
1498,5,33,1,7
1499,6,32,5,3
1500,2,19,8,5
1501,3,4,4,19
1502,5,22,0,13
1503,2,4,8,8
1504,5,4,7,24
1505,5,48,3,18
1506,5,11,0,1
1507,6,21,8,4
1508,2,50,5,17
1509,2,8,6,6
1510,2,12,5,7
1511,1,31,1,19
1512,5,29,8,24
1513,1,19,0,23
1514,6,10,8,12
1515,3,39,5,3
1516,2,13,5,20
1517,5,22,7,19
1518,4,56,4,21
1519,3,56,8,11
1520,4,47,4,2
1521,5,59,2,11
1522,5,32,6,1
1523,2,44,2,19
1524,1,31,4,10
1525,5,1,8,10
1526,6,20,5,14
1527,5,61,2,4
1528,6,29,6,25
1529,2,58,1,8
1530,6,33,4,11
1531,3,2,6,13
1532,6,62,5,18
1533,5,45,3,23
1534,2,20,1,18
1535,5,5,1,10
1536,5,59,1,6
1537,4,4,7,8
1538,4,20,0,6
1539,3,6,0,7
1540,5,53,8,11
1541,6,25,2,24
1542,4,60,8,13
1543,4,15,3,22
1544,1,19,6,6
1545,1,24,6,20
1546,1,6,8,10
1547,1,17,2,2
1548,3,24,3,14
1549,6,28,8,24
1550,1,5,8,10
1551,5,9,4,8
1552,2,16,7,21
1553,5,43,2,16
1554,5,17,1,18
1555,1,5,5,19
1556,3,33,2,19
1557,1,43,7,20
1558,6,22,3,8
1559,1,2,8,11
1560,6,1,2,2
1561,4,25,2,20
1562,4,1,6,5
1563,3,12,5,21
1564,2,34,7,9
1565,6,56,4,10
1566,2,44,1,24
1567,2,11,5,15
1568,6,46,0,7
1569,1,8,8,13
1570,5,65,1,10
1571,4,35,0,22
1572,3,23,0,23
1573,1,54,0,9
1574,3,21,4,3
1575,3,29,1,13
1576,1,25,1,22
1577,2,19,7,9
1578,4,15,7,22
1579,5,8,1,1
1580,2,4,2,7
1581,4,59,0,6
1582,4,10,5,12
1583,5,52,3,3
1584,1,59,1,14
1585,1,31,7,25
1586,4,58,3,16
1587,4,30,5,9
1588,2,46,8,3
1589,4,43,5,8
1590,3,1,0,19
1591,5,1,3,23
1592,6,12,2,5
1593,6,2,7,8
1594,4,4,5,18
1595,1,2,7,4
1596,2,9,0,22
1597,4,12,7,17
1598,3,15,7,3
1599,6,29,3,21
1600,5,54,7,16
1601,2,27,8,9
1602,6,23,2,25
1603,4,21,1,11
1604,1,9,5,2
1605,6,7,8,15
1606,3,34,6,25
1607,4,43,5,2
1608,2,25,2,1
1609,2,55,2,22
1610,1,63,0,1
1611,1,51,1,24
1612,1,20,8,3
1613,2,56,4,7
1614,6,53,5,3
1615,6,25,6,24
1616,5,40,1,4
1617,5,20,6,11
1618,3,27,8,6
1619,3,52,2,6
1620,2,62,3,17
1621,4,35,0,19
1622,5,43,7,10
1623,5,41,0,24
1624,6,40,3,11
1625,5,49,4,3
1626,3,30,5,4
1627,5,37,4,20
1628,6,65,5,2
1629,2,41,1,5
1630,6,4,5,16
1631,6,22,8,1
1632,6,35,2,3
1633,1,17,0,3
1634,6,51,1,18
1635,2,9,3,2
1636,5,45,1,16
1637,1,15,7,8
1638,3,2,0,6
1639,3,41,8,4
1640,5,41,0,8
1641,2,43,1,7
1642,1,50,6,7
1643,6,14,4,22
1644,3,62,2,6
1645,1,3,0,5
1646,2,57,7,5
1647,4,23,1,19
1648,3,6,1,1
1649,6,2,5,17
1650,3,29,2,9
1651,4,44,5,6
1652,1,15,2,6
1653,4,32,6,11
1654,6,15,6,20
1655,2,57,0,13
1656,4,46,5,23
1657,1,22,3,1
1658,4,27,8,18
1659,4,2,1,23
1660,4,61,6,19
1661,5,52,1,15
1662,1,10,1,9
1663,4,47,4,19
1664,2,9,0,1
1665,2,16,3,22
1666,2,40,3,10
1667,6,55,7,11
1668,3,22,6,22
1669,5,21,3,8
1670,3,20,0,22
1671,3,59,0,22
1672,6,12,4,14
1673,1,46,8,18
1674,4,28,4,18
1675,4,53,6,18
1676,1,10,0,16
1677,2,11,6,25
1678,3,14,0,14
1679,4,12,0,5
1680,1,53,2,4
1681,4,22,3,3
1682,3,55,1,18
1683,6,15,5,12
1684,3,34,6,1
1685,3,38,3,3
1686,2,51,2,7
1687,2,26,6,14
1688,5,10,1,23
1689,4,34,5,16
1690,2,4,6,25
1691,6,29,7,14
1692,4,25,2,19
1693,1,62,6,15
1694,5,35,6,11
1695,1,25,6,22
1696,1,11,1,12
1697,1,45,5,16
1698,3,62,1,22
1699,6,17,7,14
1700,4,16,4,18
1701,2,36,1,5
1702,6,24,2,13
1703,1,48,8,17
1704,5,54,1,15
1705,6,48,8,23
1706,2,55,2,15
1707,5,23,1,18
1708,6,46,3,21
1709,4,6,2,5
1710,6,38,4,5
1711,1,29,7,4
1712,3,65,4,8
1713,5,61,2,1
1714,5,34,7,6
1715,2,34,8,8
1716,4,25,4,14
1717,6,30,3,12
1718,4,64,7,17
1719,1,4,4,6
1720,5,29,2,12
1721,3,48,2,20
1722,6,17,6,14
1723,6,11,4,17
1724,3,32,4,9
1725,5,46,0,1
1726,1,52,0,9
1727,6,35,2,4
1728,4,44,1,7
1729,4,64,3,16
1730,1,30,6,23
1731,4,55,4,4
1732,4,20,6,20
1733,5,18,0,8
1734,2,42,2,3
1735,6,56,2,8
1736,3,53,4,7
1737,3,10,7,18
1738,4,56,2,15
1739,1,35,2,17
1740,1,17,1,19
1741,4,28,7,6
1742,6,53,6,12
1743,5,56,8,15
1744,5,14,7,21
1745,5,16,5,18
1746,5,16,0,13
1747,1,7,1,7
1748,1,1,5,12
1749,5,63,8,5
1750,1,58,0,18
1751,4,7,0,8
1752,5,61,1,23
1753,4,56,3,5
1754,3,59,2,13
1755,2,29,3,21
1756,1,30,2,22
1757,1,35,4,24
1758,1,29,0,5
1759,4,9,6,14
1760,1,2,7,20
1761,6,4,2,11
1762,6,59,6,13
1763,4,6,7,7
1764,3,24,6,6
1765,6,64,3,14
1766,1,31,2,4
1767,3,38,5,13
1768,1,47,7,22
1769,1,6,3,5
1770,6,51,0,18
1771,4,2,8,1
1772,4,30,0,2
1773,5,34,6,2
1774,2,21,7,14
1775,6,13,7,10
1776,3,1,7,23
1777,1,46,6,15
1778,1,12,3,12
1779,3,11,3,25
1780,3,27,7,14
1781,4,46,6,8
1782,6,5,2,17
1783,5,34,4,22
1784,4,25,5,1
1785,3,39,8,1
1786,2,9,5,25
1787,3,43,6,20
1788,1,35,3,7
1789,4,47,7,2
1790,4,19,3,24
1791,3,17,8,7
1792,3,9,0,17
1793,4,26,8,2
1794,1,59,6,9
1795,3,34,7,25
1796,6,59,0,21
1797,5,55,2,9
1798,5,17,4,10
1799,2,6,2,2
1800,4,10,5,15
1801,4,25,0,14
1802,4,8,8,11
1803,5,28,3,10
1804,1,41,8,14
1805,4,56,3,5
1806,3,11,8,2
1807,4,13,0,25
1808,6,5,7,12
1809,4,28,2,20
1810,5,64,8,21
1811,1,61,7,16
1812,2,45,8,16
1813,4,17,2,3
1814,1,34,6,6
1815,1,50,3,4
1816,6,61,7,13
1817,5,46,7,5
1818,5,48,0,24
1819,1,54,2,17
1820,4,56,1,9
1821,3,2,8,10
1822,2,11,7,6
1823,1,23,0,4
1824,6,37,6,7
1825,6,13,8,11
1826,6,45,1,19
1827,1,36,0,5
1828,2,36,8,24
1829,6,43,6,19
1830,6,8,2,22
1831,5,2,3,23
1832,6,29,8,23
1833,6,9,7,18
1834,4,65,7,14
1835,6,45,7,3
1836,1,32,8,2
1837,3,46,5,12
1838,5,64,1,8
1839,3,43,7,8
1840,1,1,8,17
1841,6,10,1,18
1842,4,58,8,16
1843,3,60,0,25
1844,5,25,4,21
1845,6,54,5,7
1846,4,14,7,12
1847,4,60,1,11
1848,4,2,1,17
1849,5,26,5,15
1850,3,43,1,14
1851,6,32,6,23
1852,3,58,6,12
1853,3,54,7,5
1854,5,26,0,4
1855,5,15,7,9
1856,6,62,7,10
1857,4,36,3,13
1858,2,13,0,15
1859,5,60,0,21
1860,6,36,0,5
1861,2,52,2,23
1862,3,39,2,9
1863,2,51,0,12
1864,3,6,3,11
1865,4,45,6,19
1866,5,53,1,4
1867,4,7,8,2
1868,2,57,7,9
1869,3,25,3,20
1870,4,4,5,25
1871,1,39,4,25
1872,3,25,6,25
1873,3,14,4,3
1874,5,9,5,3
1875,2,9,6,4
1876,2,41,7,16
1877,6,56,7,1
1878,1,48,3,18
1879,3,39,1,17
1880,4,42,3,24
1881,2,47,3,24
1882,2,28,1,9
1883,1,60,2,23
1884,1,37,0,7
1885,6,65,7,20
1886,1,10,5,22
1887,6,18,3,2
1888,1,57,7,2
1889,3,21,3,6
1890,5,16,6,14
1891,1,21,2,2
1892,4,38,0,6
1893,2,60,1,14
1894,4,31,8,21
1895,3,55,1,20
1896,2,61,6,4
1897,1,10,1,22
1898,5,13,4,20
1899,6,55,7,2
1900,5,62,3,3
1901,1,8,4,6
1902,4,26,0,23
1903,5,1,4,8
1904,2,35,5,3
1905,3,28,1,20
1906,1,22,7,2
1907,2,17,5,9
1908,4,12,8,14
1909,3,31,2,11
1910,2,2,7,8
1911,4,59,8,3
1912,6,49,2,4
1913,5,10,6,22
1914,5,9,5,3
1915,5,28,8,21
1916,2,17,5,15
1917,5,48,3,4
1918,4,22,2,22
1919,4,38,3,10
1920,6,37,7,12
1921,3,52,4,24
1922,4,57,3,14
1923,1,11,8,24
1924,1,1,1,9
1925,6,54,1,21
1926,2,17,6,19
1927,1,47,5,22
1928,1,38,2,22
1929,3,19,1,9
1930,5,12,6,4
1931,3,21,3,8
1932,3,20,1,13
1933,3,64,7,11
1934,5,61,5,12
1935,1,32,8,16
1936,5,59,5,21
1937,2,59,4,8
1938,3,29,1,24
1939,4,23,8,4
1940,3,24,4,24
1941,4,47,6,6
1942,1,11,7,21
1943,5,42,5,11
1944,3,33,8,14
1945,2,46,5,13
1946,3,17,1,20
1947,1,50,7,2
1948,2,30,2,19
1949,3,5,7,24
1950,1,6,4,22
1951,4,23,8,13
1952,3,22,7,16
1953,4,36,6,22
1954,3,7,8,8
1955,5,3,0,22
1956,5,24,5,17
1957,4,29,3,7
1958,5,64,4,11
1959,4,35,1,4
1960,4,12,1,23
1961,6,31,8,10
1962,6,37,8,13
1963,5,28,0,9
1964,6,35,2,2
1965,1,4,8,11
1966,2,4,8,17
1967,5,19,4,10
1968,4,41,8,21
1969,5,8,1,13
1970,4,61,5,19
1971,3,15,8,1
1972,5,26,6,3
1973,5,53,8,3
1974,3,62,0,5
1975,3,11,3,6
1976,6,35,7,11
1977,2,18,4,13
1978,1,47,0,9
1979,3,53,4,4
1980,1,57,4,19
1981,6,29,0,14
1982,5,26,0,4
1983,6,25,5,9
1984,2,27,5,5
1985,6,6,3,23
1986,1,50,1,23
1987,5,30,5,11
1988,6,36,4,4
1989,1,30,1,10
1990,5,47,8,3
1991,2,21,2,9
1992,2,14,1,10
1993,6,51,0,2
1994,1,55,6,23
1995,6,3,5,19
1996,4,39,1,4
1997,3,62,5,15
1998,3,5,5,16
1999,2,11,7,20
2000,2,60,4,13
2001,1,28,5,9
2002,6,4,0,9
2003,2,29,1,7
2004,3,7,3,6
2005,2,1,5,20
2006,1,40,1,9
2007,6,51,8,8
2008,4,55,2,17
2009,2,13,3,19
2010,6,29,0,25
2011,5,57,8,13
2012,3,30,0,23
2013,4,23,8,12
2014,5,17,1,6
2015,6,21,4,15
2016,3,1,5,24
2017,1,31,4,8
2018,2,46,8,23
2019,3,16,3,17
2020,1,10,8,13
2021,3,38,1,12
2022,1,45,5,12
2023,2,11,5,6
2024,4,20,1,21
2025,6,37,8,13
2026,1,6,8,12
2027,2,61,1,11
2028,2,64,3,2
2029,5,24,4,19
2030,1,31,5,6
2031,4,18,5,7
2032,1,15,7,16
2033,3,13,2,23
2034,2,7,4,17
2035,6,41,3,1
2036,3,19,2,4
2037,4,11,8,17
2038,5,39,6,24
2039,2,63,2,12
2040,5,50,7,4
2041,4,38,0,3
2042,3,52,4,16
2043,6,28,2,3
2044,6,10,4,5
2045,3,46,7,7
2046,3,50,6,14
2047,1,39,5,15
2048,5,35,4,13
2049,3,27,2,13
2050,2,24,4,5
2051,6,50,2,17
2052,4,29,0,21
2053,3,40,7,25
2054,6,32,4,22
2055,6,1,7,20
2056,4,21,2,13
2057,6,25,6,5
2058,4,9,0,11
2059,3,1,1,25
2060,5,27,5,4
2061,4,18,3,14
2062,3,14,1,14
2063,3,40,0,25
2064,2,20,6,2
2065,1,51,2,22
2066,6,61,4,25
2067,3,64,8,23
2068,3,38,8,8
2069,4,9,3,20
2070,1,21,8,21
2071,2,56,6,6
2072,2,22,6,9
2073,5,58,7,11
2074,5,9,1,6
2075,6,62,1,15
2076,4,34,3,6
2077,2,49,4,13
2078,3,45,5,1
2079,2,49,6,9
2080,1,7,6,21
2081,6,49,1,14
2082,2,11,8,3
2083,1,63,4,9
2084,2,12,4,7
2085,5,10,0,21
2086,1,59,8,1
2087,2,21,6,16
2088,3,44,5,21
2089,5,61,0,21
2090,4,41,3,14
2091,1,37,4,18
2092,6,45,5,5
2093,4,36,3,13
2094,1,35,8,13
2095,3,6,2,18
2096,2,7,2,5
2097,3,9,4,24
2098,3,25,3,3
2099,2,22,1,8
2100,1,25,6,2
2101,2,59,8,9
2102,1,14,3,3
2103,1,24,4,21
2104,5,43,3,17
2105,5,35,6,15
2106,3,28,5,1
2107,3,17,0,16
2108,5,7,6,3
2109,5,37,1,23
2110,1,10,0,5
2111,3,54,5,24
2112,5,37,4,9
2113,1,9,7,5
2114,1,30,2,11
2115,5,61,8,18
2116,5,54,6,15
2117,6,41,7,4
2118,3,7,0,13
2119,2,14,6,24
2120,6,24,5,23
2121,2,47,7,4
2122,1,7,1,14
2123,6,46,1,7
2124,1,57,1,15
2125,4,54,8,2
2126,5,12,7,4
2127,3,31,6,22
2128,6,28,0,19
2129,1,47,2,15
2130,6,65,6,16
2131,6,29,6,25
2132,6,35,4,24
2133,6,10,2,19
2134,4,18,4,20
2135,6,4,2,9
2136,3,18,5,11
2137,5,27,5,17
2138,3,65,1,9
2139,6,60,4,13
2140,1,9,8,16
2141,6,16,2,25
2142,2,25,1,8
2143,2,54,4,19
2144,2,44,8,1
2145,3,23,6,10
2146,4,11,5,20
2147,4,52,5,21
2148,4,47,2,10
2149,3,30,0,16
2150,6,39,1,8
2151,5,4,7,16
2152,5,50,8,3
2153,5,41,8,11
2154,3,54,6,17
2155,3,48,3,14
2156,5,9,6,2
2157,3,38,2,20
2158,3,48,8,6
2159,5,52,4,1
2160,1,46,2,16
2161,2,33,2,18
2162,6,44,6,18
2163,2,61,6,4
2164,3,63,7,18
2165,2,10,6,5
2166,1,46,8,7
2167,6,4,1,14
2168,6,63,7,23
2169,4,8,7,2
2170,1,9,4,11
2171,5,63,0,11
2172,4,26,6,5
2173,1,53,8,18
2174,2,31,8,8
2175,1,12,0,16
2176,6,23,5,9
2177,6,57,6,18
2178,3,41,3,14
2179,6,45,5,19
2180,1,64,3,21
2181,4,54,3,25
2182,4,41,8,22
2183,3,19,6,25
2184,1,61,7,7
2185,6,29,7,15
2186,3,13,3,4
2187,6,50,3,15
2188,4,56,8,5
2189,5,11,0,9
2190,4,27,1,4
2191,2,62,7,17
2192,1,5,7,4
2193,5,26,5,4
2194,3,59,6,14
2195,6,36,7,11
2196,5,48,4,25
2197,1,8,1,22
2198,5,30,2,10
2199,4,2,8,3
2200,3,38,1,13
2201,5,61,1,25
2202,3,17,5,11
2203,2,15,4,21
2204,3,41,2,7
2205,4,29,4,4
2206,5,55,6,21
2207,3,45,0,22
2208,2,18,6,5
2209,1,22,4,22
2210,5,22,1,8
2211,6,47,2,25
2212,3,38,8,3
2213,2,35,2,23
2214,4,2,5,21
2215,3,25,4,11
2216,2,63,1,20
2217,5,60,5,1
2218,4,64,2,2
2219,5,19,3,23
2220,6,64,6,18
2221,4,4,4,7
2222,1,52,8,3
2223,5,54,3,12
2224,2,13,0,6
2225,3,25,8,8
2226,5,54,6,21
2227,2,42,6,24
2228,4,45,4,24
2229,1,58,7,19
2230,6,33,3,15
2231,1,23,7,19
2232,2,6,2,18
2233,4,7,2,25
2234,4,11,0,16
2235,6,53,0,12
2236,2,11,6,7
2237,4,49,6,5
2238,3,15,3,12
2239,3,9,5,20
2240,4,45,6,8
2241,4,28,8,7
2242,4,21,1,12
2243,4,44,6,13
2244,6,24,6,20
2245,3,43,0,7
2246,1,63,0,18
2247,2,31,7,19
2248,1,54,5,18
2249,6,19,8,23
2250,1,51,8,8
2251,1,64,6,17
2252,4,10,1,15
2253,5,20,0,25
2254,1,13,8,18
2255,5,41,3,7
2256,3,24,1,21
2257,5,35,5,1
2258,4,24,8,22
2259,3,25,6,18
2260,6,58,2,22
2261,6,48,2,24
2262,6,11,6,19
2263,4,42,3,14
2264,6,40,3,11
2265,5,44,4,18
2266,4,51,1,11
2267,1,58,0,12
2268,2,47,1,13
2269,4,21,8,24
2270,2,5,1,6
2271,6,20,6,2
2272,2,65,5,21
2273,4,60,4,11
2274,4,60,5,3
2275,1,16,2,7
2276,2,23,8,25
2277,2,34,8,14
2278,1,53,4,24
2279,4,32,6,23
2280,4,57,6,24
2281,5,21,5,18
2282,5,17,4,25
2283,3,59,0,13
2284,1,17,4,4
2285,1,54,7,20
2286,5,31,3,23
2287,3,48,7,17
2288,5,12,4,19
2289,6,17,3,5
2290,4,42,8,21
2291,2,25,1,1
2292,3,15,4,21
2293,6,6,8,25
2294,5,5,2,15
2295,5,26,3,12
2296,6,27,2,2
2297,2,24,7,6
2298,4,16,2,17
2299,3,18,2,12
2300,5,21,4,12
2301,4,33,2,7
2302,4,30,6,11
2303,1,34,7,7
2304,4,29,6,21
2305,5,44,0,4
2306,1,22,7,4
2307,6,30,4,20
2308,2,38,0,3
2309,1,14,1,10
2310,5,1,3,12
2311,1,42,0,3
2312,4,28,8,19
2313,4,1,5,5
2314,1,41,8,15
2315,5,58,6,14
2316,2,29,2,4
2317,3,51,7,25
2318,4,22,0,3
2319,5,37,5,7
2320,3,16,2,10
2321,5,22,3,18
2322,6,39,3,11
2323,3,65,0,7
2324,5,13,4,12
2325,6,42,7,9
2326,2,35,3,25
2327,5,59,3,3
2328,3,37,6,3
2329,6,50,8,17
2330,1,28,4,1
2331,5,41,1,12
2332,3,27,3,6
2333,1,46,5,6
2334,4,13,3,15
2335,4,38,1,13
2336,4,4,2,20
2337,6,56,4,3
2338,5,7,5,17
2339,2,13,2,23
2340,1,12,0,4
2341,6,29,0,10
2342,3,57,1,24
2343,6,44,2,7
2344,4,17,7,18
2345,3,4,4,7
2346,2,13,4,16
2347,3,45,2,10
2348,5,45,2,11
2349,6,14,7,23
2350,5,42,0,15
2351,3,23,0,8
2352,3,4,0,18
2353,5,24,3,14
2354,3,60,5,11
2355,2,23,5,18
2356,1,17,0,20
2357,3,35,3,9
2358,6,45,7,10
2359,6,48,0,23
2360,5,18,7,19
2361,6,7,3,12
2362,6,16,3,14
2363,6,54,2,24
2364,2,43,3,2
2365,3,41,5,5
2366,3,54,2,7
2367,4,47,6,10
2368,3,48,2,5
2369,2,64,0,21
2370,5,44,7,10
2371,3,31,5,3
2372,5,44,6,24
2373,6,16,8,20
2374,3,14,0,5
2375,4,10,5,15
2376,4,36,6,2
2377,6,64,7,15
2378,6,9,3,20
2379,1,36,0,17
2380,4,11,8,11
2381,5,33,6,1
2382,6,45,6,22
2383,4,53,7,9
2384,2,49,1,25
2385,2,45,8,3
2386,5,44,3,19
2387,5,59,3,18
2388,4,12,6,15
2389,4,64,7,9
2390,6,39,2,21
2391,5,57,3,18
2392,5,25,7,12
2393,2,59,6,5
2394,6,6,1,2
2395,1,56,0,1
2396,5,49,8,10
2397,1,46,5,18
2398,4,3,7,23
2399,2,31,2,1
2400,6,35,5,2
2401,3,26,1,12
2402,1,17,1,4
2403,4,1,8,15
2404,5,23,4,21
2405,1,28,1,6
2406,5,19,8,24
2407,4,11,7,24
2408,6,14,6,4
2409,1,18,1,13
2410,1,43,8,19
2411,5,57,8,8
2412,4,62,3,8
2413,5,49,6,10
2414,2,25,7,12
2415,1,55,7,3
2416,4,28,8,19
2417,2,15,8,2
2418,1,65,2,7
2419,6,41,4,14
2420,2,51,4,24
2421,1,30,7,14
2422,1,37,3,9
2423,3,28,3,4
2424,3,45,2,21
2425,3,22,1,19
2426,3,28,6,8
2427,5,1,2,5
2428,6,60,3,9
2429,4,43,5,20
2430,3,25,4,21
2431,5,42,8,3
2432,6,41,3,13
2433,1,30,1,25
2434,3,24,7,3
2435,2,20,5,7
2436,5,47,0,14
2437,4,21,2,1
2438,1,31,7,11
2439,6,48,3,22
2440,5,5,0,14
2441,4,7,0,7
2442,6,37,6,20
2443,1,47,1,7
2444,4,57,2,14
2445,6,41,0,25
2446,6,17,8,12
2447,5,27,4,3
2448,2,15,1,10
2449,6,7,2,22
2450,5,25,2,16
2451,3,61,4,8
2452,6,16,2,13
2453,4,33,1,10
2454,6,26,5,23
2455,1,63,4,19
2456,3,62,3,22
2457,6,61,5,18
2458,3,26,8,17
2459,5,40,2,5
2460,1,45,0,13
2461,5,34,2,18
2462,5,20,6,7
2463,1,15,8,1
2464,2,65,4,22
2465,4,50,3,11
2466,3,61,1,25
2467,1,25,6,18
2468,2,34,1,4
2469,4,41,0,5
2470,1,10,2,22
2471,6,19,2,6
2472,6,12,0,5
2473,3,36,3,23
2474,1,37,2,14
2475,5,22,4,1
2476,4,51,6,4
2477,3,52,8,15
2478,1,12,5,23
2479,6,22,5,7
2480,5,20,3,18
2481,4,37,3,9
2482,6,43,8,2
2483,5,33,0,14
2484,6,45,0,21
2485,2,42,4,6
2486,5,14,3,4
2487,3,34,4,10
2488,2,35,4,9
2489,2,46,5,15
2490,5,7,8,10
2491,1,60,3,12
2492,5,45,2,25
2493,2,11,4,22
2494,1,32,7,20
2495,3,39,5,2
2496,1,52,4,14
2497,1,46,3,22
2498,1,22,4,22
2499,2,63,8,25
2500,6,35,2,21
2501,4,44,5,25
2502,4,6,3,11
2503,3,35,1,20
2504,4,30,1,6
2505,5,42,3,9
2506,6,58,1,4
2507,6,5,8,15
2508,6,17,0,20
2509,3,28,6,3
2510,6,45,4,19
2511,1,6,6,12
2512,2,23,2,11
2513,6,42,7,6
2514,4,29,0,14
2515,4,36,7,7
2516,3,33,6,2
2517,1,28,4,23
2518,1,41,7,2
2519,3,23,2,1
2520,4,55,1,3
2521,3,5,5,18
2522,6,46,7,22
2523,6,45,3,4
2524,3,24,3,7
2525,1,62,0,20
2526,6,51,6,10
2527,6,18,0,11
2528,2,22,0,24
2529,3,45,3,12
2530,6,8,8,25
2531,1,40,0,6
2532,5,31,8,17
2533,5,62,0,11
2534,2,45,6,24
2535,4,10,6,25
2536,3,45,4,9
2537,1,7,6,25
2538,1,8,7,2
2539,6,9,6,16
2540,6,5,2,18
2541,3,25,4,5
2542,3,42,5,8
2543,2,43,8,19
2544,2,35,7,25
2545,4,52,5,18
2546,4,19,1,3
2547,2,3,7,2
2548,1,8,7,21
2549,6,46,5,12
2550,6,10,5,22
2551,2,40,3,9
2552,2,41,7,14
2553,2,31,8,4
2554,4,20,2,9
2555,2,33,3,8
2556,2,46,1,15
2557,4,19,6,9
2558,2,27,5,5
2559,2,31,4,12
2560,5,62,4,9
2561,3,50,3,11
2562,2,28,5,11
2563,4,51,4,9
2564,1,4,0,1
2565,6,34,1,4
2566,3,55,1,15
2567,4,10,0,15
2568,3,38,7,22
2569,5,43,3,16
2570,6,65,4,14
2571,2,35,5,2
2572,4,2,2,12
2573,5,25,1,13
2574,2,25,8,8
2575,4,46,4,11
2576,2,32,0,11
2577,4,63,4,7
2578,1,16,4,15
2579,2,50,8,23
2580,5,41,1,12
2581,5,44,1,19
2582,3,46,2,4
2583,2,43,0,8
2584,1,30,4,2
2585,4,22,3,2
2586,6,14,3,4
2587,6,62,8,4
2588,3,32,7,7
2589,1,59,6,3
2590,6,60,6,12
2591,5,30,8,22
2592,4,62,8,5
2593,2,17,7,7
2594,5,58,3,4
2595,3,33,5,17
2596,4,64,2,9
2597,1,54,4,6
2598,2,46,8,2
2599,6,8,2,14
2600,2,36,8,6
2601,2,45,2,17
2602,3,5,1,17
2603,5,53,6,23
2604,6,43,8,14
2605,1,61,2,8
2606,6,56,8,8
2607,6,19,8,22
2608,1,33,2,24
2609,4,35,6,22
2610,1,41,2,6
2611,2,20,6,5
2612,1,58,4,10
2613,1,16,2,5
2614,3,28,1,10
2615,6,29,5,20
2616,2,52,8,3
2617,2,25,5,19
2618,4,19,2,23
2619,5,19,2,10
2620,1,14,5,20
2621,6,24,7,20
2622,4,26,5,3
2623,3,43,2,1
2624,6,43,1,12
2625,2,22,1,19
2626,6,11,6,13
2627,6,33,6,10
2628,1,27,6,19
2629,2,35,1,3
2630,3,65,4,1
2631,1,13,3,6
2632,3,13,3,18
2633,4,15,4,3
2634,6,58,2,8
2635,3,50,6,7
2636,3,7,2,1
2637,5,25,1,22
2638,2,8,8,10
2639,2,21,7,13
2640,4,2,4,10
2641,6,6,7,3
2642,4,34,0,24
2643,4,32,1,18
2644,6,17,5,6
2645,6,27,8,3
2646,6,9,8,23
2647,2,45,2,17
2648,6,25,3,15
2649,3,27,3,21
2650,5,36,1,19
2651,5,59,6,5
2652,1,31,4,5
2653,6,59,2,10
2654,1,62,0,12
2655,2,60,2,20
2656,4,35,6,12
2657,6,34,6,17
2658,2,28,2,16
2659,6,13,5,15
2660,2,52,4,12
2661,2,35,4,4
2662,6,27,6,3
2663,4,54,0,24
2664,6,65,1,6
2665,5,18,2,4
2666,2,8,0,7
2667,6,34,0,22
2668,5,19,3,20
2669,2,58,2,6
2670,5,62,6,11
2671,2,32,6,15
2672,5,59,8,7
2673,1,48,1,9
2674,4,52,4,7
2675,4,50,0,20
2676,4,45,4,17
2677,6,17,4,22
2678,1,45,5,13
2679,3,49,2,14
2680,5,22,3,2
2681,1,33,3,11
2682,2,56,4,10
2683,1,19,6,15
2684,3,22,1,1
2685,4,56,0,12
2686,5,43,7,8
2687,5,6,0,23
2688,4,4,0,9
2689,4,63,7,9
2690,6,61,8,20
2691,2,26,2,14
2692,4,8,0,8
2693,1,33,3,25
2694,2,1,5,17
2695,6,36,3,18
2696,4,19,2,16
2697,5,49,8,20
2698,4,48,2,5
2699,3,21,6,9
2700,6,14,6,14
2701,2,55,0,9
2702,5,62,7,1
2703,3,39,3,10
2704,3,1,5,19
2705,1,25,2,23
2706,1,46,7,25
2707,2,39,2,3
2708,4,64,1,3
2709,2,40,5,21
2710,6,29,8,2
2711,3,30,4,6
2712,4,61,3,6
2713,4,17,4,20
2714,6,56,1,5
2715,5,7,2,3
2716,5,9,6,13
2717,4,28,3,21
2718,6,54,6,21
2719,2,45,5,24
2720,3,46,1,9
2721,3,20,8,2
2722,1,51,5,23
2723,1,12,5,13
2724,3,24,6,2
2725,1,52,1,19
2726,6,43,5,17
2727,6,42,6,10
2728,3,60,4,25
2729,2,2,8,3
2730,4,8,0,3
2731,6,64,7,20
2732,3,23,5,25
2733,2,29,8,23
2734,2,40,0,21
2735,5,55,7,22
2736,4,6,2,19
2737,5,43,4,9
2738,1,43,8,2
2739,3,5,2,16
2740,4,41,4,12
2741,4,7,4,11
2742,4,56,8,20
2743,5,36,8,9
2744,1,63,0,11
2745,1,25,7,20
2746,3,6,2,13
2747,4,62,0,6
2748,4,22,1,21
2749,1,56,0,23
2750,2,17,4,19
2751,3,2,2,9
2752,5,61,2,17
2753,3,37,2,2
2754,2,16,0,5
2755,3,60,8,5
2756,4,41,4,24
2757,1,60,6,19
2758,6,15,8,8
2759,4,54,2,9
2760,5,16,5,5
2761,6,44,0,3
2762,2,29,5,15
2763,5,12,3,10
2764,1,60,3,15
2765,5,43,7,4
2766,1,12,4,25
2767,3,26,8,18
2768,6,8,8,22
2769,6,35,6,14
2770,4,23,0,4
2771,1,50,8,7
2772,3,50,5,15
2773,3,64,8,11
2774,2,1,5,24
2775,3,57,3,7
2776,6,22,7,8
2777,1,2,1,24
2778,5,14,7,25
2779,1,7,0,16
2780,2,3,5,2
2781,6,46,3,1
2782,6,12,2,3
2783,6,62,7,18
2784,6,32,7,24
2785,4,22,4,5
2786,4,46,1,25
2787,4,4,8,16
2788,4,31,5,13
2789,2,44,7,25
2790,3,43,6,20
2791,6,59,4,9
2792,1,51,8,4
2793,1,13,1,22
2794,4,29,2,15
2795,3,28,4,24
2796,2,60,6,19
2797,4,6,8,3
2798,1,51,8,19
2799,2,22,5,16
2800,2,12,0,2
2801,3,4,3,22
2802,6,41,4,17
2803,5,34,1,10
2804,2,62,7,12
2805,5,54,0,2
2806,6,15,7,6
2807,3,61,2,9
2808,4,52,3,11
2809,6,59,7,10
2810,2,35,4,24
2811,4,40,8,18
2812,4,43,8,14
2813,4,57,2,5
2814,2,57,1,7
2815,6,25,4,15
2816,3,28,0,1
2817,6,28,8,16
2818,4,36,7,17
2819,5,26,3,16
2820,1,13,3,1
2821,6,49,6,11
2822,3,40,4,2
2823,5,7,4,16
2824,3,34,7,17
2825,3,7,2,2
2826,5,53,0,20
2827,2,9,6,16
2828,3,37,8,15
2829,5,21,5,21
2830,1,44,2,9
2831,1,43,4,6
2832,3,6,4,14
2833,4,2,6,10
2834,3,55,1,16
2835,3,17,0,23
2836,1,56,6,15
2837,5,46,6,18
2838,5,26,6,5
2839,4,31,2,9
2840,6,17,0,1
2841,1,9,7,8
2842,4,48,3,12
2843,2,10,6,16
2844,1,44,6,8
2845,2,59,3,22
2846,5,38,6,1
2847,2,33,3,16
2848,3,15,1,3
2849,4,19,2,7
2850,6,8,8,2
2851,2,29,2,3
2852,6,10,5,8
2853,6,36,5,19
2854,5,51,1,7
2855,5,36,3,4
2856,4,13,0,24
2857,6,26,3,6
2858,4,59,2,15
2859,1,42,3,25
2860,4,17,0,25
2861,3,60,6,25
2862,2,28,6,20
2863,1,23,2,19
2864,1,31,2,7
2865,3,57,4,2
2866,1,56,2,25
2867,2,41,1,14
2868,4,52,0,25
2869,4,20,6,1
2870,1,24,8,20
2871,6,14,5,3
2872,5,29,0,2
2873,5,34,6,16
2874,6,5,7,15
2875,6,12,3,24
2876,4,30,6,5
2877,5,5,4,24
2878,2,17,5,14
2879,1,4,2,22
2880,6,9,5,8
2881,2,25,8,18
2882,1,62,6,4
2883,1,37,3,17
2884,1,9,1,17
2885,5,55,4,24
2886,4,20,5,8
2887,2,57,3,23
2888,5,53,0,15
2889,2,25,1,14
2890,4,3,7,20
2891,6,17,0,10
2892,6,14,7,21
2893,6,7,8,7
2894,1,46,3,22
2895,3,30,2,17
2896,3,16,7,4
2897,6,15,8,14
2898,4,47,4,1
2899,2,51,4,3
2900,5,48,1,18
2901,1,36,0,20
2902,4,54,1,9
2903,4,36,7,18
2904,4,11,4,18
2905,6,41,8,25
2906,3,12,0,20
2907,1,16,7,16
2908,3,26,1,8
2909,1,5,5,7
2910,4,8,7,19
2911,4,56,5,24
2912,4,27,4,16
2913,1,9,1,13
2914,6,53,3,6
2915,5,3,7,6
2916,3,8,7,19
2917,2,41,4,19
2918,1,21,6,13
2919,4,17,6,17
2920,2,48,2,24
2921,3,26,5,10
2922,6,47,7,6
2923,6,8,2,12
2924,1,10,3,17
2925,5,41,4,20
2926,3,48,7,23
2927,2,12,3,25
2928,3,28,4,9
2929,5,22,7,2
2930,5,6,3,24
2931,6,4,1,11
2932,5,49,8,3
2933,6,36,4,21
2934,6,29,5,24
2935,3,48,0,2
2936,4,13,5,4
2937,1,60,1,19
2938,5,28,8,25
2939,2,30,0,11
2940,2,8,6,19
2941,3,60,0,4
2942,6,49,5,18
2943,2,54,8,14
2944,2,12,7,7
2945,1,18,1,21
2946,2,14,6,4
2947,1,42,4,11
2948,4,29,3,3
2949,2,62,0,19
2950,5,30,7,8
2951,2,28,6,3
2952,3,59,5,17
2953,5,59,6,23
2954,2,24,1,7
2955,6,33,7,3
2956,1,43,8,13
2957,1,22,6,22
2958,4,51,5,6
2959,1,55,1,24
2960,2,62,4,6
2961,2,59,2,19
2962,2,7,7,17
2963,4,57,7,17
2964,6,20,8,4
2965,4,35,2,19
2966,5,32,2,19
2967,5,52,4,12
2968,5,18,6,21
2969,2,4,7,5
2970,1,26,3,9
2971,5,42,3,15
2972,4,25,1,15
2973,3,47,7,16
2974,3,5,8,19
2975,6,54,5,13
2976,1,4,1,6
2977,1,57,0,14
2978,1,45,4,13
2979,6,56,7,4
2980,4,51,3,7
2981,5,63,2,17
2982,1,3,4,18
2983,3,34,1,5
2984,3,29,6,13
2985,5,21,0,9
2986,5,58,7,5
2987,2,48,5,19
2988,6,36,5,3
2989,4,5,0,20
2990,3,8,5,24
2991,6,21,4,22
2992,4,56,3,15
2993,3,36,1,19
2994,5,60,1,22
2995,1,65,0,8
2996,4,1,7,1
2997,4,54,1,21
2998,1,54,6,17
2999,3,4,7,12
3000,5,62,1,2
3001,2,26,3,25
3002,2,19,3,1
3003,6,35,7,4
3004,4,61,6,5
3005,4,45,8,1
3006,4,31,2,9
3007,3,47,2,18
3008,3,14,4,3
3009,3,48,7,1
3010,1,3,4,20
3011,3,9,5,17
3012,3,64,7,22
3013,1,18,0,19
3014,5,23,1,13
3015,1,44,6,23
3016,3,53,8,17
3017,4,1,8,10
3018,2,60,4,16
3019,6,61,3,6
3020,4,12,4,25
3021,1,54,0,25
3022,2,9,4,24
3023,2,52,5,21
3024,2,42,1,9
3025,3,25,3,15
3026,3,45,0,13
3027,2,1,0,13
3028,1,53,8,19
3029,1,46,6,16
3030,2,5,0,13
3031,5,21,5,25
3032,4,8,6,25
3033,1,40,6,18
3034,1,40,3,20
3035,5,5,4,13
3036,2,44,7,20
3037,5,36,7,25
3038,5,51,0,17
3039,2,64,6,2
3040,6,11,2,17
3041,4,6,0,18
3042,5,13,2,25
3043,2,12,8,22
3044,4,43,1,7
3045,1,34,5,6
3046,2,24,1,19
3047,2,19,3,10
3048,6,20,5,13
3049,2,59,7,22
3050,3,27,3,19
3051,6,1,4,5
3052,6,55,4,18
3053,3,55,7,13
3054,4,64,3,20
3055,1,42,6,12
3056,5,52,5,11
3057,4,30,6,21
3058,3,21,6,21
3059,2,45,1,20
3060,4,36,5,16
3061,1,50,2,2
3062,4,37,8,4
3063,5,33,8,23
3064,6,18,8,12
3065,4,6,6,12
3066,1,1,4,22
3067,5,41,0,22
3068,6,12,4,11
3069,2,15,8,6
3070,2,53,1,23
3071,6,35,7,8
3072,4,23,5,18
3073,6,22,1,19
3074,1,24,1,15
3075,5,48,7,13
3076,2,44,1,10
3077,2,38,0,18
3078,2,49,5,5
3079,1,18,6,13
3080,2,65,1,9
3081,4,42,0,19
3082,6,53,6,4
3083,5,1,8,9
3084,2,25,8,18
3085,2,20,1,2
3086,1,55,8,1
3087,6,32,5,6
3088,4,20,4,7
3089,3,21,2,20
3090,4,18,2,7
3091,3,41,4,23
3092,3,62,3,14
3093,6,50,3,12
3094,1,9,2,17
3095,6,20,5,17
3096,3,58,0,7
3097,5,57,4,1
3098,5,41,7,17
3099,2,1,3,7
3100,2,32,0,4
3101,3,34,5,7
3102,1,58,5,6
3103,2,31,2,20
3104,1,62,0,18
3105,4,31,2,8
3106,3,21,8,11
3107,5,31,6,21
3108,6,45,5,7
3109,6,28,6,9
3110,6,45,7,11
3111,3,63,0,1
3112,3,12,3,16
3113,3,56,2,14
3114,1,16,3,14
3115,1,49,6,11
3116,3,53,5,8
3117,3,10,8,25
3118,4,15,4,19
3119,1,29,3,10
3120,5,30,5,8
3121,6,15,1,21
3122,5,29,2,17
3123,3,9,6,17
3124,4,45,7,1
3125,5,16,8,17
3126,5,63,1,2
3127,5,30,0,6
3128,2,28,3,17
3129,6,38,4,14
3130,4,43,5,11
3131,4,49,5,15
3132,5,4,6,8
3133,1,35,7,17
3134,4,20,2,22
3135,2,14,8,18
3136,4,26,5,23
3137,4,25,0,10
3138,6,27,6,6
3139,3,34,6,6
3140,4,12,7,14
3141,3,21,2,1
3142,5,10,2,20
3143,4,43,7,20
3144,2,10,1,22
3145,6,54,7,16
3146,5,57,4,20
3147,5,37,1,25
3148,6,20,5,21
3149,2,31,4,21
3150,1,13,8,5
3151,4,35,3,25
3152,2,47,8,6
3153,2,11,3,23
3154,1,46,7,6
3155,5,25,8,15
3156,3,58,3,2
3157,2,32,4,12
3158,4,55,0,16
3159,4,32,2,20
3160,5,48,5,12
3161,4,59,8,19
3162,3,11,2,10
3163,1,3,7,16
3164,2,13,3,10
3165,2,22,2,9
3166,5,61,5,19
3167,5,47,4,18
3168,3,63,8,17
3169,1,48,0,25
3170,2,38,6,22
3171,1,25,7,6
3172,6,63,6,5
3173,3,5,8,19
3174,5,53,5,3
3175,4,12,0,8
3176,6,9,4,11
3177,3,44,8,20
3178,4,2,4,3
3179,3,28,1,22
3180,1,58,8,1
3181,6,29,7,5
3182,2,56,4,19
3183,4,41,8,22
3184,4,39,0,7
3185,5,35,2,9
3186,4,53,0,14
3187,5,20,7,24
3188,5,56,7,5
3189,5,51,3,23
3190,3,64,0,11
3191,2,8,8,21
3192,2,50,6,6
3193,3,1,7,15
3194,2,26,3,10
3195,3,33,7,5
3196,2,41,7,10
3197,2,50,7,7
3198,6,3,2,23
3199,4,49,0,3
3200,5,37,1,20
3201,3,2,7,24
3202,5,20,4,22
3203,4,6,8,12
3204,1,29,8,4
3205,5,36,2,22
3206,3,23,5,2
3207,6,24,7,5
3208,3,28,7,1
3209,4,18,7,8
3210,3,17,5,8
3211,3,4,4,4
3212,3,37,4,23
3213,2,14,6,7
3214,1,3,6,10
3215,1,10,2,10
3216,2,21,0,25
3217,5,25,2,24
3218,6,15,6,15
3219,5,7,4,4
3220,2,52,1,22
3221,2,63,0,10
3222,1,48,0,9
3223,1,36,6,6
3224,6,13,4,23
3225,4,65,5,23
3226,3,12,1,11
3227,5,5,7,7
3228,2,56,6,5
3229,1,55,5,2
3230,2,11,0,15
3231,1,45,5,21
3232,1,55,2,14
3233,2,5,4,8
3234,4,27,3,24
3235,4,6,4,20
3236,3,43,3,5
3237,5,11,7,20
3238,5,33,4,22
3239,3,7,2,24
3240,6,30,5,1
3241,3,26,5,19
3242,5,35,1,19
3243,6,16,5,10
3244,1,21,4,18
3245,6,53,4,1
3246,5,13,7,19
3247,6,49,7,6
3248,6,36,2,14
3249,4,55,1,5
3250,3,8,1,16
3251,3,18,1,9
3252,3,35,8,24
3253,1,12,7,14
3254,6,15,4,12
3255,3,9,2,8
3256,3,9,1,7
3257,5,26,0,16
3258,4,4,1,9
3259,5,56,1,8
3260,2,45,8,3
3261,2,29,3,5
3262,6,25,6,8
3263,1,18,3,15
3264,6,41,3,15
3265,2,51,2,4
3266,1,63,6,1
3267,3,1,8,5
3268,1,9,0,1
3269,2,43,6,14
3270,6,8,7,14
3271,2,37,0,13
3272,3,43,8,6
3273,1,57,1,24
3274,4,21,5,19
3275,3,6,3,12
3276,4,38,1,22
3277,3,29,2,17