lid,mid,rating,area
1,47,2,11
2,43,1,12
3,63,1,22
4,31,4,9
5,52,8,23
6,2,6,8
7,59,8,19
8,40,7,12
9,39,2,7
10,32,1,14
11,10,7,7
12,65,2,13
13,63,3,4
14,21,0,21
15,17,6,20
16,3,4,15
17,36,0,15
18,21,4,9
19,41,0,24
20,64,8,2
21,39,7,18
22,5,6,25
23,31,8,11
24,1,7,23
25,44,3,7
26,42,3,13
27,3,1,8
28,42,0,25
29,12,2,23
30,56,1,22
31,54,7,6
32,44,6,9
33,18,3,13
34,11,5,2
35,34,4,6
36,63,0,7
37,59,4,17
38,62,6,16
39,6,5,5
40,32,4,20
41,22,2,24
42,50,4,24
43,63,8,16
44,15,6,20
45,50,2,15
46,62,3,4
47,23,2,13
48,38,2,18
49,6,8,8
50,43,7,1
51,11,1,8
52,34,7,14
53,40,2,15
54,51,6,22
55,7,4,12
56,46,2,1
57,37,3,8
58,14,1,1
59,15,5,22
60,60,5,10
61,26,5,3
62,10,7,5
63,24,0,20
64,21,7,14
65,48,7,22
66,49,0,3
67,45,3,16
68,4,6,6
69,57,1,8
70,50,0,3
71,57,5,24
72,10,4,23
73,32,4,22
74,54,5,22
75,7,5,12
76,30,0,1
77,39,8,15
78,16,3,23
79,7,3,15
80,16,7,9
81,42,8,2
82,3,4,2
83,1,8,12
84,38,5,25
85,36,8,12
86,18,7,13
87,32,2,18
88,50,7,23
89,65,6,18
90,3,2,4
91,37,2,5
92,13,8,7
93,37,7,6
94,7,5,24
95,45,1,11
96,48,6,23
97,27,4,13
98,34,6,9
99,53,8,8
100,22,5,18
101,64,0,18
102,49,6,24
103,56,2,12
104,17,6,25
105,23,1,16
106,3,6,12
107,39,5,8
108,50,8,7
109,32,1,8
110,58,3,25
111,47,7,14
112,45,4,23
113,41,7,21
114,45,6,2
115,5,3,7
116,53,2,11
117,50,3,22
118,45,1,1
119,58,1,1
120,50,1,2
121,7,4,18
122,23,5,25
123,60,3,6
124,39,5,20
125,64,2,8
126,38,1,3
127,36,3,21
128,11,3,13
129,61,7,23
130,53,3,23
131,22,2,19
132,42,8,2
133,5,6,17
134,48,5,16
135,4,1,4
136,41,6,20
137,50,1,16
138,32,4,25
139,41,4,13
140,62,2,24
141,12,5,17
142,47,6,19
143,12,0,6
144,46,7,12
145,11,1,19
146,9,1,24
147,57,0,12
148,19,7,1
149,23,2,21
150,20,0,15
151,16,7,3
152,17,1,13
153,33,0,13
154,22,1,4
155,46,0,5
156,36,1,10
157,65,4,18
158,14,2,20
159,6,2,17
160,63,0,15
161,46,5,25
162,50,1,2
163,40,6,11
164,5,7,10
165,47,3,21
166,5,4,18
167,51,0,6
168,37,5,1
169,50,2,15
170,2,6,12
171,56,5,17
172,34,4,20
173,37,3,2
174,18,1,25
175,41,5,11
176,4,2,15
177,32,4,22
178,5,3,7
179,59,3,19
180,11,1,24
181,45,2,9
182,19,1,4
183,46,6,13
184,8,4,3
185,6,7,14
186,24,0,20
187,64,4,1
188,23,6,21
189,47,6,10
190,3,4,21
191,1,2,1
192,47,5,5
193,20,4,3
194,38,1,25
195,9,5,1
196,16,4,9
197,54,8,19
198,35,6,24
199,43,1,24
200,42,0,22
201,24,4,8
202,56,7,15
203,12,4,6
204,57,1,6
205,23,1,17
206,62,6,8
207,54,8,20
208,6,8,17
209,26,6,22
210,21,0,12
211,63,0,21
212,1,7,7
213,46,4,6
214,57,3,3
215,60,0,5
216,46,4,4
217,20,0,3
218,27,0,12
219,27,1,14
220,43,6,8
221,45,5,5
222,19,1,8
223,37,5,6
224,5,4,8
225,35,5,5
226,21,1,24
227,57,0,7
228,14,7,18
229,8,8,12
230,48,6,22
231,59,5,8
232,17,2,14
233,28,1,15
234,7,3,8
235,2,2,5
236,64,6,8
237,12,5,10
238,48,3,24
239,13,5,23
240,57,1,22
241,22,8,11
242,10,0,24
243,39,2,13
244,32,8,21
245,56,6,9
246,40,6,1
247,3,8,6
248,62,5,25
249,49,6,22
250,26,8,1
251,54,2,4
252,9,8,21
253,49,5,19
254,55,1,3
255,33,3,19
256,1,5,25
257,60,0,18
258,62,4,1
259,59,4,3
260,38,1,2
261,50,1,6
262,24,0,10
263,42,0,25
264,50,6,24
265,6,5,18
266,29,0,25
267,32,8,15
268,65,2,11
269,7,0,15
270,2,6,15
271,41,1,24
272,51,2,4
273,24,5,4
274,61,6,17
275,26,5,22
276,25,6,18
277,48,7,1
278,9,4,23
279,43,3,3
280,18,0,16
281,34,2,8
282,22,7,3
283,21,2,17
284,33,0,14
285,14,3,25
286,35,1,1
287,16,4,23
288,40,8,13
289,45,4,6
290,57,6,11
291,46,2,5
292,40,4,5
293,4,7,15
294,50,3,15
295,2,8,7
296,25,0,13
297,31,6,13
298,21,2,25
299,22,4,15
300,16,6,17
301,22,7,21
302,53,1,25
303,60,7,16
304,51,0,9
305,61,5,21
306,24,5,9
307,35,7,16
308,50,7,1
309,38,1,17
310,30,2,9
311,51,7,16
312,43,4,21
313,4,7,1
314,56,2,15
315,52,7,1
316,8,1,9
317,57,4,15
318,60,5,6
319,51,6,8
320,48,3,11
321,28,0,20
322,3,3,21
323,40,5,7
324,14,3,1
325,15,1,21
326,56,1,24
327,42,8,10
328,48,6,9
329,60,1,24
330,57,0,25
331,60,1,20
332,19,4,12
333,46,1,15
334,55,6,24
335,5,8,2
336,36,3,14
337,31,2,16
338,59,3,5
339,18,0,12
340,65,0,18
341,36,2,7
342,59,4,20
343,58,6,19
344,36,1,24
345,5,5,15
346,57,0,22
347,26,5,7
348,47,0,22
349,36,3,8
350,39,8,8
351,34,7,20
352,54,8,11
353,10,1,13
354,33,0,3
355,41,1,8
356,39,3,24
357,33,2,5
358,55,0,16
359,52,6,24
360,30,3,14
361,41,7,19
362,44,5,1
363,21,8,14
364,48,6,17
365,56,8,21
366,30,1,1
367,62,8,11
368,35,5,23
369,3,8,21
370,21,4,11
371,28,3,3
372,18,3,15
373,31,5,1
374,8,3,16
375,47,4,12
376,34,6,4
377,4,1,13
378,26,8,13
379,21,5,2
380,53,6,1
381,54,1,4
382,47,5,9
383,51,7,14
384,61,8,4
385,43,6,12
386,27,6,10
387,56,5,3
388,32,6,14
389,60,5,15
390,3,5,18
391,37,5,2
392,11,4,16
393,56,0,15
394,43,1,12
395,14,2,20
396,64,2,24
397,6,7,17
398,50,2,6
399,60,5,7
400,59,7,20
401,5,3,17
402,60,8,24
403,21,1,5
404,57,3,10
405,63,4,1
406,61,0,10
407,11,5,14
408,61,3,10
409,9,5,17
410,46,2,6
411,40,1,16
412,5,7,25
413,48,6,19
414,29,7,8
415,47,5,19
416,54,6,16
417,16,3,10
418,65,3,14
419,6,7,4
420,53,0,24
421,46,7,11
422,17,4,4
423,32,5,18
424,39,6,19
425,58,3,4
426,52,0,23
427,21,2,2
428,65,4,15
429,41,6,20
430,2,5,18
431,2,8,20
432,1,6,7
433,54,5,17
434,49,6,10
435,55,0,25
436,36,2,24
437,47,5,21
438,12,8,10
439,48,6,1
440,12,8,16
441,31,5,2
442,11,6,13
443,60,5,3
444,64,5,6
445,6,2,7
446,39,5,11
447,29,5,17
448,34,8,17
449,64,2,5
450,14,7,8
451,48,8,4
452,12,1,3
453,40,8,17
454,15,8,12
455,28,8,18
456,49,0,25
457,49,1,1
458,17,4,24
459,31,8,10
460,7,8,21
461,14,4,18
462,1,3,18
463,11,8,10
464,10,5,7
465,26,3,12
466,2,3,19
467,14,6,15
468,11,5,20
469,33,0,9
470,53,7,3
471,61,0,13
472,30,4,24
473,44,1,15
474,2,8,18
475,29,3,13
476,15,8,10
477,52,8,6
478,40,2,19
479,19,7,16
480,27,6,12
481,23,3,8
482,17,3,5
483,32,2,18
484,17,3,23
485,13,1,19
486,42,0,14
487,35,5,22
488,8,8,6
489,29,1,19
490,53,1,8
491,44,3,12
492,26,2,12
493,49,2,8
494,54,7,5
495,6,8,21
496,50,0,2
497,20,2,2
498,3,3,16
499,23,5,6
500,34,1,4
501,62,5,1
502,5,6,2
503,35,5,15
504,30,0,8
505,23,8,10
506,22,3,4
507,39,1,11
508,4,1,8
509,51,2,21
510,25,8,4
511,49,7,6
512,40,1,6
513,51,4,20
514,3,1,12
515,9,1,19
516,6,6,16
517,61,8,12
518,53,3,3
519,53,4,8
520,28,4,24
521,2,0,21
522,57,0,3
523,15,5,17
524,43,4,17
525,41,0,24
526,59,8,7
527,20,0,25
528,51,8,16
529,20,1,2
530,37,4,23
531,47,4,24
532,31,1,17
533,12,5,15
534,35,8,13
535,64,8,1
536,21,2,4
537,20,8,12
538,64,7,24
539,65,0,6
540,18,1,24
541,35,5,18
542,36,2,22
543,8,4,1
544,63,7,9
545,58,7,3
546,33,3,17
547,1,6,3
548,9,6,5
549,40,2,3
550,12,1,20
551,6,8,22
552,45,1,5
553,47,8,2
554,48,5,8
555,53,7,11
556,9,7,9
557,61,3,12
558,43,3,3
559,57,0,23
560,36,7,1
561,20,0,4
562,42,2,19
563,4,1,3
564,37,1,23
565,47,3,4
566,52,6,20
567,45,3,9
568,51,7,20
569,21,5,1
570,47,5,8
571,41,4,6
572,38,6,10
573,30,3,14
574,38,5,11
575,4,5,23
576,14,4,10
577,17,7,24
578,21,8,23
579,35,6,10
580,1,6,3
581,54,3,24
582,55,4,2
583,54,8,12
584,25,7,4
585,29,8,23
586,50,4,9
587,18,8,3
588,26,6,13
589,43,0,24
590,45,0,6
591,52,5,19
592,45,2,24
593,5,2,3
594,18,2,11
595,31,7,9
596,55,6,24
597,15,3,17
598,36,1,2
599,27,7,10
600,4,8,14
601,33,6,5
602,26,4,10
603,29,8,6
604,46,5,16
605,4,7,15
606,2,4,19
607,60,4,5
608,51,0,8
609,43,3,15
610,11,1,11
611,41,6,2
612,54,6,25
613,30,6,20
614,31,8,9
615,15,4,22
616,8,1,6
617,13,2,6
618,54,1,13
619,42,4,13
620,44,1,17
621,53,0,15
622,60,3,25
623,14,0,1
624,63,4,20
625,50,8,10
626,50,0,11
627,36,7,25
628,7,8,2
629,25,2,18
630,37,3,5
631,39,8,11
632,32,1,24
633,46,1,11
634,10,3,7
635,48,4,10
636,49,8,23
637,40,0,22
638,43,5,8
639,17,6,4
640,54,7,9
641,6,3,25
642,13,4,24
643,44,2,8
644,52,5,18
645,33,4,5
646,17,6,24
647,30,0,21
648,36,4,12
649,62,8,9
650,39,6,5
651,33,1,2
652,43,7,3
653,33,8,6
654,39,5,5
655,40,8,16
656,27,6,5
657,32,7,7
658,27,3,4
659,1,5,10
660,28,0,14
661,55,3,7
662,1,1,24
663,41,3,20
664,24,7,23
665,4,4,8
666,41,7,8
667,17,1,18
668,40,5,3
669,17,2,4
670,61,7,15
671,61,8,25
672,16,7,20
673,6,0,13
674,17,1,19
675,54,8,1
676,58,8,5
677,9,7,5
678,1,0,1
679,10,2,1
680,9,4,16
681,6,8,14
682,53,6,20
683,17,3,20
684,34,2,16
685,23,7,24
686,11,1,10
687,1,1,15
688,43,2,23
689,13,0,13
690,21,2,7
691,20,6,8
692,38,3,19
693,5,1,20
694,53,5,6
695,33,2,3
696,48,5,17
697,22,3,13
698,8,1,4
699,58,7,6
700,36,8,8
701,14,7,24
702,31,1,12
703,50,6,9
704,57,2,24
705,1,6,7
706,60,4,2
707,19,5,18
708,59,7,18
709,24,3,7
710,54,5,14
711,10,5,24
712,50,0,23
713,50,8,11
714,13,2,3
715,54,2,15
716,9,4,4
717,24,7,4
718,60,6,23
719,62,4,17
720,32,0,20
721,58,0,5
722,56,3,19
723,9,8,11
724,22,6,22
725,48,8,5
726,32,0,8
727,16,1,4
728,44,3,13
729,4,4,7
730,42,4,3
731,59,5,19
732,16,4,1
733,53,0,3
734,21,7,4
735,27,8,10
736,56,2,2
737,3,6,3
738,63,3,22
739,32,5,3
740,45,0,12
741,46,3,9
742,39,6,16
743,52,1,1
744,20,5,24
745,2,1,19
746,55,0,22
747,34,6,8
748,31,2,4
749,65,0,19
750,38,3,3
751,35,3,23
752,28,0,13
753,17,0,23
754,8,2,14
755,46,2,3
756,39,5,8
757,51,2,8
758,60,1,5
759,43,8,8
760,44,3,10
761,10,8,10
762,49,8,21
763,37,8,5
764,51,1,19
765,57,3,8
766,20,4,22
767,56,0,14
768,48,6,7
769,26,4,18
770,41,8,3
771,26,2,7
772,53,6,23
773,20,1,9
774,35,3,24
775,25,4,17
776,49,0,11
777,45,4,21
778,53,5,1
779,29,5,19
780,25,5,16
781,36,3,20
782,6,3,16
783,58,2,17
784,10,8,21
785,13,0,11
786,63,6,23
787,53,5,3
788,37,1,5
789,55,3,23
790,53,1,19
791,20,7,15
792,4,6,22
793,64,3,10
794,57,4,14
795,44,7,6
796,11,6,5
797,55,5,19
798,9,2,1
799,17,0,15
800,22,7,23
801,5,1,25
802,18,7,21
803,1,2,25
804,37,1,22
805,17,7,3
806,37,7,9
807,20,3,6
808,37,2,17
809,4,1,22
810,13,5,20
811,41,5,24
812,15,7,9
813,2,4,17
814,30,7,3
815,4,4,23
816,63,1,22
817,30,0,5
818,54,5,7
819,7,1,21
820,31,5,10
821,59,0,14
822,40,8,20
823,12,8,15
824,20,5,5
825,23,0,9
826,25,4,14
827,18,5,21
828,25,4,4
829,39,5,1
830,45,4,13
831,13,1,19
832,35,0,7
833,30,1,19
834,35,2,13
835,38,3,23
836,7,3,8
837,25,5,18
838,57,4,21
839,50,6,4
840,16,7,22
841,23,8,5
842,40,1,20
843,64,2,18
844,62,6,13
845,5,4,17
846,45,1,7
847,17,7,24
848,10,8,18
849,37,3,19
850,18,0,22
851,6,7,7
852,9,4,19
853,13,0,24
854,12,8,13
855,43,7,2
856,25,2,14
857,39,1,1
858,2,0,18
859,25,7,4
860,50,3,16
861,49,2,21
862,47,1,19
863,19,0,22
864,44,5,17
865,8,5,15
866,53,7,17
867,4,3,3
868,27,1,18
869,34,3,5
870,16,3,4
871,56,3,18
872,45,2,8
873,64,0,24
874,39,2,7
875,59,7,17
876,17,1,23
877,48,5,20
878,46,6,4
879,38,6,6
880,34,3,25
881,46,5,24
882,54,0,9
883,52,8,22
884,46,5,25
885,54,6,5
886,54,2,19
887,61,5,19
888,27,0,22
889,45,7,25
890,62,7,8
891,55,7,15
892,33,5,20
893,31,5,8
894,44,1,11
895,63,7,7
896,23,1,22
897,23,7,6
898,52,3,24
899,2,5,16
900,22,3,25
901,39,2,25
902,6,1,8
903,10,8,7
904,65,6,14
905,1,6,6
906,49,3,8
907,29,5,25
908,46,7,18
909,46,2,22
910,49,7,20
911,9,8,4
912,23,7,6
913,12,8,13
914,58,8,12
915,57,2,6
916,12,3,25
917,2,7,24
918,22,3,16
919,36,5,20
920,33,7,15
921,64,8,19
922,59,2,12
923,27,6,18
924,64,5,25
925,20,7,6
926,9,6,20
927,11,1,6
928,22,3,8
929,41,1,18
930,3,7,13
931,20,2,11
932,55,3,5
933,25,8,2
934,60,2,16
935,25,3,1
936,58,2,4
937,16,5,16
938,27,5,5
939,21,2,15
940,27,1,12
941,51,8,22
942,17,5,17
943,62,1,21
944,39,7,21
945,34,2,10
946,20,2,19
947,34,7,16
948,27,8,11
949,42,7,15
950,49,1,14
951,18,5,8
952,14,7,22
953,36,3,12
954,21,7,13
955,15,5,23
956,46,6,8
957,61,6,16
958,54,1,6
959,54,8,4
960,54,2,7
961,19,0,13
962,44,5,19
963,53,1,13
964,34,5,14
965,2,7,1
966,27,4,12
967,29,5,14
968,17,0,10
969,21,8,7
970,47,5,16
971,55,4,13
972,18,4,25
973,17,5,8
974,6,3,25
975,12,2,22
976,61,4,13
977,50,1,7
978,26,6,6
979,23,1,8
980,50,5,25
981,19,5,24
982,25,8,21
983,41,7,14
984,23,6,21
985,30,6,2
986,33,8,19
987,40,1,10
988,25,1,18
989,51,5,19
990,25,2,14
991,24,0,11
992,13,0,5
993,20,6,17
994,12,7,20
995,55,4,20
996,13,6,15
997,32,2,25
998,15,1,15
999,27,4,20
1000,18,3,5
1001,8,2,4
1002,38,1,11
1003,64,6,5
1004,17,4,13
1005,6,6,10
1006,47,0,1
1007,26,3,2
1008,46,2,6
1009,20,5,18
1010,31,6,10
1011,63,8,12
1012,23,5,1
1013,22,0,16
1014,28,8,23
1015,49,0,10
1016,23,5,2
1017,57,7,9
1018,1,5,24
1019,32,4,9
1020,53,3,17
1021,60,2,21
1022,33,8,20
1023,19,0,4
1024,11,4,18
1025,12,4,3
1026,39,0,8
1027,64,4,12
1028,19,7,21
1029,24,4,8
1030,26,7,21
1031,61,8,5
1032,60,7,6
1033,15,3,11
1034,53,2,12
1035,12,1,20
1036,19,5,15
1037,24,0,21
1038,56,3,8
1039,30,5,16
1040,49,8,8
1041,59,0,2
1042,25,2,18
1043,7,7,22
1044,2,5,14
1045,12,4,3
1046,11,4,14
1047,64,0,4
1048,25,7,24
1049,37,4,19
1050,57,3,13
1051,33,8,9
1052,14,5,22
1053,16,7,4
1054,32,1,6
1055,16,3,23
1056,23,2,1
1057,7,3,16
1058,16,8,17
1059,15,0,13
1060,53,4,18
1061,38,1,6
1062,31,0,15
1063,42,0,23
1064,59,7,4
1065,59,1,20
1066,42,3,3
1067,16,3,3
1068,41,0,25
1069,37,6,23
1070,49,1,6
1071,55,1,25
1072,16,2,25
1073,29,6,16
1074,44,2,9
1075,43,7,16
1076,1,5,7
1077,45,1,6
1078,8,2,24
1079,64,0,25
1080,25,8,20
1081,7,7,6
1082,46,3,8
1083,30,4,13
1084,53,4,8
1085,6,5,10
1086,38,4,11
1087,3,0,5
1088,1,1,12
1089,30,4,6
1090,34,0,24
1091,35,5,20
1092,44,6,1
1093,12,2,1
1094,12,0,13
1095,41,8,3
1096,39,4,7
1097,18,6,5
1098,55,7,21
1099,45,3,18
1100,49,5,15
1101,47,1,18
1102,26,4,22
1103,43,6,9
1104,14,1,12
1105,23,6,17
1106,12,6,10
1107,26,2,4
1108,16,1,5
1109,28,5,11
1110,50,6,12
1111,52,7,22
1112,36,2,14
1113,5,0,25
1114,47,5,23
1115,11,3,7
1116,22,8,18
1117,58,8,14
1118,12,5,2
1119,5,2,12
1120,38,6,9
1121,31,0,1
1122,14,6,1
1123,64,5,17
1124,63,8,13
1125,63,3,5
1126,10,6,25
1127,7,3,9
1128,26,4,24
1129,48,5,20
1130,3,0,24
1131,42,6,20
1132,5,6,7
1133,43,0,14
1134,45,1,15
1135,33,5,8
1136,55,8,8
1137,64,7,11
1138,59,5,10
1139,4,6,9
1140,64,0,25
1141,19,4,24
1142,14,1,4
1143,53,1,12
1144,49,8,11
1145,3,3,3
1146,58,6,22
1147,2,3,14
1148,20,4,7
1149,10,3,17
1150,45,1,12
1151,28,6,3
1152,34,5,8
1153,51,4,17
1154,60,2,16
1155,39,1,9
1156,15,2,12
1157,58,3,5
1158,55,4,3
1159,63,2,1
1160,17,8,12
1161,9,3,7
1162,23,0,8
1163,11,2,8
1164,40,1,21
1165,25,0,6
1166,33,6,24
1167,25,4,3
1168,15,8,9
1169,37,0,25
1170,9,6,23
1171,15,2,8
1172,3,1,22
1173,37,7,6
1174,9,1,25
1175,48,3,24
1176,51,1,19
1177,3,2,12
1178,9,3,16
1179,6,7,25
1180,11,6,25
1181,36,2,23
1182,42,1,6
1183,9,3,13
1184,47,3,25
1185,47,2,1
1186,18,7,1
1187,1,6,24
1188,40,1,3
1189,11,2,18
1190,16,7,15
1191,33,1,16
1192,1,8,13
1193,49,1,17
1194,42,3,19
1195,24,3,12
1196,12,8,9
1197,37,2,2
1198,28,4,13
1199,13,7,7
1200,59,4,16
1201,23,0,10
1202,44,7,19
1203,15,7,5
1204,33,2,20
1205,56,8,25
1206,9,4,22
1207,39,6,14
1208,65,0,18
1209,25,6,8
1210,55,8,3
1211,46,0,4
1212,32,5,21
1213,64,1,7
1214,48,3,23
1215,40,6,2
1216,1,3,9
1217,10,0,11
1218,52,4,25
1219,51,0,3
1220,2,4,2
1221,9,5,2
1222,33,0,1
1223,59,0,2
1224,37,6,12
1225,54,8,11
1226,19,0,13
1227,29,3,4
1228,37,3,25
1229,3,2,9
1230,48,3,7
1231,60,2,6
1232,38,0,1
1233,4,6,20
1234,48,2,19
1235,58,8,22
1236,30,1,16
1237,2,7,6
1238,28,8,10
1239,53,5,5
1240,52,6,4
1241,50,8,4
1242,36,1,1
1243,24,0,11
1244,43,8,23
1245,9,4,13
1246,61,5,12
1247,15,2,18
1248,29,8,19
1249,50,3,5
1250,13,0,12
1251,23,6,13
1252,53,4,8
1253,51,0,18
1254,42,8,14
1255,61,5,8
1256,39,1,23
1257,40,8,4
1258,29,2,24
1259,54,2,21
1260,53,6,10
1261,5,6,7
1262,48,0,20
1263,23,2,5
1264,26,0,9
1265,56,8,18
1266,14,8,1
1267,48,4,18
1268,32,4,5
1269,3,2,12
1270,26,6,3
1271,2,7,25
1272,35,5,12
1273,27,2,4
1274,46,8,24
1275,14,3,23
1276,17,2,10
1277,22,1,20
1278,44,2,5
1279,63,8,23
1280,48,1,24
1281,48,4,25
1282,30,2,13
1283,16,0,17
1284,30,6,8
1285,37,1,22
1286,34,5,9
1287,50,7,4
1288,63,0,19
1289,32,8,6
1290,15,4,24
1291,50,0,23
1292,51,2,25
1293,36,3,7
1294,40,7,20
1295,62,8,19
1296,25,3,23
1297,58,4,2
1298,46,7,24
1299,2,3,15
1300,57,6,12
1301,9,7,2
1302,49,3,3
1303,21,2,25
1304,49,5,14
1305,57,3,7
1306,38,6,10
1307,34,4,24
1308,14,4,18
1309,64,1,18
1310,9,6,5
1311,44,2,12
1312,44,6,23
1313,45,2,14
1314,34,7,11
1315,14,2,4
1316,27,5,16
1317,24,6,8
1318,2,1,5
1319,13,4,24
1320,12,6,7
1321,1,6,11
1322,25,8,7
1323,61,8,9
1324,57,2,5
1325,37,2,15
1326,26,0,14
1327,43,4,13
1328,11,2,12
1329,62,4,14
1330,48,0,21
1331,22,2,10
1332,33,5,14
1333,62,8,5
1334,41,8,3
1335,52,2,20
1336,30,5,5
1337,2,0,1
1338,34,7,19
1339,48,0,11
1340,12,4,16
1341,25,7,4
1342,58,8,14
1343,6,3,10
1344,11,8,7
1345,34,0,21
1346,2,3,25
1347,60,1,14
1348,12,7,3
1349,20,4,10
1350,26,8,17
1351,7,7,18
1352,26,4,17
1353,62,7,7
1354,47,0,3
1355,29,4,20
1356,40,1,4
1357,22,1,9
1358,23,0,13
1359,64,1,8
1360,44,2,7
1361,10,0,23
1362,43,6,16
1363,63,4,17
1364,4,1,23
1365,13,0,2
1366,46,7,6
1367,53,1,19
1368,26,3,8
1369,5,2,7
1370,32,1,1
1371,28,8,13
1372,26,3,24
1373,21,8,13
1374,19,2,9
1375,22,2,14
1376,52,6,24
1377,13,8,23
1378,61,1,15
1379,17,5,1
1380,49,4,2
1381,16,5,5
1382,10,1,1
1383,6,6,18
1384,56,5,10
1385,17,4,4
1386,1,4,1
1387,6,5,8
1388,49,2,22
1389,30,7,24
1390,40,0,16
1391,29,6,21
1392,45,5,4
1393,55,2,2
1394,4,7,11
1395,12,4,1
1396,20,5,13
1397,22,5,9
1398,49,3,3
1399,23,0,8
1400,37,2,3
1401,25,1,5
1402,9,5,12
1403,56,1,23
1404,57,0,8
1405,60,5,23
1406,11,1,23
1407,38,7,13
1408,48,2,22
1409,32,3,16
1410,7,7,25
1411,6,4,14
1412,42,5,20
1413,1,2,13
1414,23,6,24
1415,44,1,10
1416,34,6,2
1417,17,6,20
1418,39,7,8
1419,28,8,24
1420,65,2,13
1421,4,2,8
1422,6,3,22
1423,47,2,5
1424,44,7,21
1425,16,1,19
1426,61,3,18
1427,44,0,25
1428,39,8,16
1429,14,8,2
1430,46,6,16
1431,5,4,13
1432,24,7,1
1433,65,4,10
1434,6,5,12
1435,28,4,4
1436,18,2,21
1437,11,7,16
1438,6,2,12
1439,23,5,10
1440,51,2,18
1441,54,0,10
1442,62,2,23
1443,41,1,18
1444,59,7,17
1445,32,5,19
1446,33,0,24
1447,56,1,11
1448,61,8,14
1449,64,8,21
1450,4,7,8
1451,54,8,22
1452,34,6,12
1453,2,5,7
1454,41,3,4
1455,50,2,24
1456,55,6,12
1457,39,6,20
1458,20,8,8
1459,47,2,8
1460,42,8,10
1461,23,3,5
1462,22,6,13
1463,25,6,12
1464,20,5,12
1465,36,4,4
1466,7,6,1
1467,36,1,23
1468,22,4,10
1469,10,5,21
1470,2,1,9
1471,64,5,9
1472,33,5,21
1473,33,4,3
1474,5,0,17
1475,61,4,25
1476,10,2,3
1477,32,8,21
1478,18,2,1
1479,14,3,24
1480,45,4,3
1481,12,8,13
1482,7,6,15
1483,44,3,23
1484,42,5,12
1485,16,6,8
1486,34,2,22
1487,55,1,14
1488,17,2,22
1489,53,0,9
1490,36,6,9
1491,57,1,11
1492,41,2,21
1493,41,5,5
1494,47,5,22
1495,44,6,8
1496,56,5,12
1497,2,2,7
1498,33,1,7
1499,32,5,3
1500,19,8,5
1501,4,4,19
1502,22,0,13
1503,4,8,8
1504,4,7,24
1505,48,3,18
1506,11,0,1
1507,21,8,4
1508,50,5,17
1509,8,6,6
1510,12,5,7
1511,31,1,19
1512,29,8,24
1513,19,0,23
1514,10,8,12
1515,39,5,3
1516,13,5,20
1517,22,7,19
1518,56,4,21
1519,56,8,11
1520,47,4,2
1521,59,2,11
1522,32,6,1
1523,44,2,19
1524,31,4,10
1525,1,8,10
1526,20,5,14
1527,61,2,4
1528,29,6,25
1529,58,1,8
1530,33,4,11
1531,2,6,13
1532,62,5,18
1533,45,3,23
1534,20,1,18
1535,5,1,10
1536,59,1,6
1537,4,7,8
1538,20,0,6
1539,6,0,7
1540,53,8,11
1541,25,2,24
1542,60,8,13
1543,15,3,22
1544,19,6,6
1545,24,6,20
1546,6,8,10
1547,17,2,2
1548,24,3,14
1549,28,8,24
1550,5,8,10
1551,9,4,8
1552,16,7,21
1553,43,2,16
1554,17,1,18
1555,5,5,19
1556,33,2,19
1557,43,7,20
1558,22,3,8
1559,2,8,11
1560,1,2,2
1561,25,2,20
1562,1,6,5
1563,12,5,21
1564,34,7,9
1565,56,4,10
1566,44,1,24
1567,11,5,15
1568,46,0,7
1569,8,8,13
1570,65,1,10
1571,35,0,22
1572,23,0,23
1573,54,0,9
1574,21,4,3
1575,29,1,13
1576,25,1,22
1577,19,7,9
1578,15,7,22
1579,8,1,1
1580,4,2,7
1581,59,0,6
1582,10,5,12
1583,52,3,3
1584,59,1,14
1585,31,7,25
1586,58,3,16
1587,30,5,9
1588,46,8,3
1589,43,5,8
1590,1,0,19
1591,1,3,23
1592,12,2,5
1593,2,7,8
1594,4,5,18
1595,2,7,4
1596,9,0,22
1597,12,7,17
1598,15,7,3
1599,29,3,21
1600,54,7,16
1601,27,8,9
1602,23,2,25
1603,21,1,11
1604,9,5,2
1605,7,8,15
1606,34,6,25
1607,43,5,2
1608,25,2,1
1609,55,2,22
1610,63,0,1
1611,51,1,24
1612,20,8,3
1613,56,4,7
1614,53,5,3
1615,25,6,24
1616,40,1,4
1617,20,6,11
1618,27,8,6
1619,52,2,6
1620,62,3,17
1621,35,0,19
1622,43,7,10
1623,41,0,24
1624,40,3,11
1625,49,4,3
1626,30,5,4
1627,37,4,20
1628,65,5,2
1629,41,1,5
1630,4,5,16
1631,22,8,1
1632,35,2,3
1633,17,0,3
1634,51,1,18
1635,9,3,2
1636,45,1,16
1637,15,7,8
1638,2,0,6
1639,41,8,4
1640,41,0,8
1641,43,1,7
1642,50,6,7
1643,14,4,22
1644,62,2,6
1645,3,0,5
1646,57,7,5
1647,23,1,19
1648,6,1,1
1649,2,5,17
1650,29,2,9
1651,44,5,6
1652,15,2,6
1653,32,6,11
1654,15,6,20
1655,57,0,13
1656,46,5,23
1657,22,3,1
1658,27,8,18
1659,2,1,23
1660,61,6,19
1661,52,1,15
1662,10,1,9
1663,47,4,19
1664,9,0,1
1665,16,3,22
1666,40,3,10
1667,55,7,11
1668,22,6,22
1669,21,3,8
1670,20,0,22
1671,59,0,22
1672,12,4,14
1673,46,8,18
1674,28,4,18
1675,53,6,18
1676,10,0,16
1677,11,6,25
1678,14,0,14
1679,12,0,5
1680,53,2,4
1681,22,3,3
1682,55,1,18
1683,15,5,12
1684,34,6,1
1685,38,3,3
1686,51,2,7
1687,26,6,14
1688,10,1,23
1689,34,5,16
1690,4,6,25
1691,29,7,14
1692,25,2,19
1693,62,6,15
1694,35,6,11
1695,25,6,22
1696,11,1,12
1697,45,5,16
1698,62,1,22
1699,17,7,14
1700,16,4,18
1701,36,1,5
1702,24,2,13
1703,48,8,17
1704,54,1,15
1705,48,8,23
1706,55,2,15
1707,23,1,18
1708,46,3,21
1709,6,2,5
1710,38,4,5
1711,29,7,4
1712,65,4,8
1713,61,2,1
1714,34,7,6
1715,34,8,8
1716,25,4,14
1717,30,3,12
1718,64,7,17
1719,4,4,6
1720,29,2,12
1721,48,2,20
1722,17,6,14
1723,11,4,17
1724,32,4,9
1725,46,0,1
1726,52,0,9
1727,35,2,4
1728,44,1,7
1729,64,3,16
1730,30,6,23
1731,55,4,4
1732,20,6,20
1733,18,0,8
1734,42,2,3
1735,56,2,8
1736,53,4,7
1737,10,7,18
1738,56,2,15
1739,35,2,17
1740,17,1,19
1741,28,7,6
1742,53,6,12
1743,56,8,15
1744,14,7,21
1745,16,5,18
1746,16,0,13
1747,7,1,7
1748,1,5,12
1749,63,8,5
1750,58,0,18
1751,7,0,8
1752,61,1,23
1753,56,3,5
1754,59,2,13
1755,29,3,21
1756,30,2,22
1757,35,4,24
1758,29,0,5
1759,9,6,14
1760,2,7,20
1761,4,2,11
1762,59,6,13
1763,6,7,7
1764,24,6,6
1765,64,3,14
1766,31,2,4
1767,38,5,13
1768,47,7,22
1769,6,3,5
1770,51,0,18
1771,2,8,1
1772,30,0,2
1773,34,6,2
1774,21,7,14
1775,13,7,10
1776,1,7,23
1777,46,6,15
1778,12,3,12
1779,11,3,25
1780,27,7,14
1781,46,6,8
1782,5,2,17
1783,34,4,22
1784,25,5,1
1785,39,8,1
1786,9,5,25
1787,43,6,20
1788,35,3,7
1789,47,7,2
1790,19,3,24
1791,17,8,7
1792,9,0,17
1793,26,8,2
1794,59,6,9
1795,34,7,25
1796,59,0,21
1797,55,2,9
1798,17,4,10
1799,6,2,2
1800,10,5,15
1801,25,0,14
1802,8,8,11
1803,28,3,10
1804,41,8,14
1805,56,3,5
1806,11,8,2
1807,13,0,25
1808,5,7,12
1809,28,2,20
1810,64,8,21
1811,61,7,16
1812,45,8,16
1813,17,2,3
1814,34,6,6
1815,50,3,4
1816,61,7,13
1817,46,7,5
1818,48,0,24
1819,54,2,17
1820,56,1,9
1821,2,8,10
1822,11,7,6
1823,23,0,4
1824,37,6,7
1825,13,8,11
1826,45,1,19
1827,36,0,5
1828,36,8,24
1829,43,6,19
1830,8,2,22
1831,2,3,23
1832,29,8,23
1833,9,7,18
1834,65,7,14
1835,45,7,3
1836,32,8,2
1837,46,5,12
1838,64,1,8
1839,43,7,8
1840,1,8,17
1841,10,1,18
1842,58,8,16
1843,60,0,25
1844,25,4,21
1845,54,5,7
1846,14,7,12
1847,60,1,11
1848,2,1,17
1849,26,5,15
1850,43,1,14
1851,32,6,23
1852,58,6,12
1853,54,7,5
1854,26,0,4
1855,15,7,9
1856,62,7,10
1857,36,3,13
1858,13,0,15
1859,60,0,21
1860,36,0,5
1861,52,2,23
1862,39,2,9
1863,51,0,12
1864,6,3,11
1865,45,6,19
1866,53,1,4
1867,7,8,2
1868,57,7,9
1869,25,3,20
1870,4,5,25
1871,39,4,25
1872,25,6,25
1873,14,4,3
1874,9,5,3
1875,9,6,4
1876,41,7,16
1877,56,7,1
1878,48,3,18
1879,39,1,17
1880,42,3,24
1881,47,3,24
1882,28,1,9
1883,60,2,23
1884,37,0,7
1885,65,7,20
1886,10,5,22
1887,18,3,2
1888,57,7,2
1889,21,3,6
1890,16,6,14
1891,21,2,2
1892,38,0,6
1893,60,1,14
1894,31,8,21
1895,55,1,20
1896,61,6,4
1897,10,1,22
1898,13,4,20
1899,55,7,2
1900,62,3,3
1901,8,4,6
1902,26,0,23
1903,1,4,8
1904,35,5,3
1905,28,1,20
1906,22,7,2
1907,17,5,9
1908,12,8,14
1909,31,2,11
1910,2,7,8
1911,59,8,3
1912,49,2,4
1913,10,6,22
1914,9,5,3
1915,28,8,21
1916,17,5,15
1917,48,3,4
1918,22,2,22
1919,38,3,10
1920,37,7,12
1921,52,4,24
1922,57,3,14
1923,11,8,24
1924,1,1,9
1925,54,1,21
1926,17,6,19
1927,47,5,22
1928,38,2,22
1929,19,1,9
1930,12,6,4
1931,21,3,8
1932,20,1,13
1933,64,7,11
1934,61,5,12
1935,32,8,16
1936,59,5,21
1937,59,4,8
1938,29,1,24
1939,23,8,4
1940,24,4,24
1941,47,6,6
1942,11,7,21
1943,42,5,11
1944,33,8,14
1945,46,5,13
1946,17,1,20
1947,50,7,2
1948,30,2,19
1949,5,7,24
1950,6,4,22
1951,23,8,13
1952,22,7,16
1953,36,6,22
1954,7,8,8
1955,3,0,22
1956,24,5,17
1957,29,3,7
1958,64,4,11
1959,35,1,4
1960,12,1,23
1961,31,8,10
1962,37,8,13
1963,28,0,9
1964,35,2,2
1965,4,8,11
1966,4,8,17
1967,19,4,10
1968,41,8,21
1969,8,1,13
1970,61,5,19
1971,15,8,1
1972,26,6,3
1973,53,8,3
1974,62,0,5
1975,11,3,6
1976,35,7,11
1977,18,4,13
1978,47,0,9
1979,53,4,4
1980,57,4,19
1981,29,0,14
1982,26,0,4
1983,25,5,9
1984,27,5,5
1985,6,3,23
1986,50,1,23
1987,30,5,11
1988,36,4,4
1989,30,1,10
1990,47,8,3
1991,21,2,9
1992,14,1,10
1993,51,0,2
1994,55,6,23
1995,3,5,19
1996,39,1,4
1997,62,5,15
1998,5,5,16
1999,11,7,20
2000,60,4,13
2001,28,5,9
2002,4,0,9
2003,29,1,7
2004,7,3,6
2005,1,5,20
2006,40,1,9
2007,51,8,8
2008,55,2,17
2009,13,3,19
2010,29,0,25
2011,57,8,13
2012,30,0,23
2013,23,8,12
2014,17,1,6
2015,21,4,15
2016,1,5,24
2017,31,4,8
2018,46,8,23
2019,16,3,17
2020,10,8,13
2021,38,1,12
2022,45,5,12
2023,11,5,6
2024,20,1,21
2025,37,8,13
2026,6,8,12
2027,61,1,11
2028,64,3,2
2029,24,4,19
2030,31,5,6
2031,18,5,7
2032,15,7,16
2033,13,2,23
2034,7,4,17
2035,41,3,1
2036,19,2,4
2037,11,8,17
2038,39,6,24
2039,63,2,12
2040,50,7,4
2041,38,0,3
2042,52,4,16
2043,28,2,3
2044,10,4,5
2045,46,7,7
2046,50,6,14
2047,39,5,15
2048,35,4,13
2049,27,2,13
2050,24,4,5
2051,50,2,17
2052,29,0,21
2053,40,7,25
2054,32,4,22
2055,1,7,20
2056,21,2,13
2057,25,6,5
2058,9,0,11
2059,1,1,25
2060,27,5,4
2061,18,3,14
2062,14,1,14
2063,40,0,25
2064,20,6,2
2065,51,2,22
2066,61,4,25
2067,64,8,23
2068,38,8,8
2069,9,3,20
2070,21,8,21
2071,56,6,6
2072,22,6,9
2073,58,7,11
2074,9,1,6
2075,62,1,15
2076,34,3,6
2077,49,4,13
2078,45,5,1
2079,49,6,9
2080,7,6,21
2081,49,1,14
2082,11,8,3
2083,63,4,9
2084,12,4,7
2085,10,0,21
2086,59,8,1
2087,21,6,16
2088,44,5,21
2089,61,0,21
2090,41,3,14
2091,37,4,18
2092,45,5,5
2093,36,3,13
2094,35,8,13
2095,6,2,18
2096,7,2,5
2097,9,4,24
2098,25,3,3
2099,22,1,8
2100,25,6,2
2101,59,8,9
2102,14,3,3
2103,24,4,21
2104,43,3,17
2105,35,6,15
2106,28,5,1
2107,17,0,16
2108,7,6,3
2109,37,1,23
2110,10,0,5
2111,54,5,24
2112,37,4,9
2113,9,7,5
2114,30,2,11
2115,61,8,18
2116,54,6,15
2117,41,7,4
2118,7,0,13
2119,14,6,24
2120,24,5,23
2121,47,7,4
2122,7,1,14
2123,46,1,7
2124,57,1,15
2125,54,8,2
2126,12,7,4
2127,31,6,22
2128,28,0,19
2129,47,2,15
2130,65,6,16
2131,29,6,25
2132,35,4,24
2133,10,2,19
2134,18,4,20
2135,4,2,9
2136,18,5,11
2137,27,5,17
2138,65,1,9
2139,60,4,13
2140,9,8,16
2141,16,2,25
2142,25,1,8
2143,54,4,19
2144,44,8,1
2145,23,6,10
2146,11,5,20
2147,52,5,21
2148,47,2,10
2149,30,0,16
2150,39,1,8
2151,4,7,16
2152,50,8,3
2153,41,8,11
2154,54,6,17
2155,48,3,14
2156,9,6,2
2157,38,2,20
2158,48,8,6
2159,52,4,1
2160,46,2,16
2161,33,2,18
2162,44,6,18
2163,61,6,4
2164,63,7,18
2165,10,6,5
2166,46,8,7
2167,4,1,14
2168,63,7,23
2169,8,7,2
2170,9,4,11
2171,63,0,11
2172,26,6,5
2173,53,8,18
2174,31,8,8
2175,12,0,16
2176,23,5,9
2177,57,6,18
2178,41,3,14
2179,45,5,19
2180,64,3,21
2181,54,3,25
2182,41,8,22
2183,19,6,25
2184,61,7,7
2185,29,7,15
2186,13,3,4
2187,50,3,15
2188,56,8,5
2189,11,0,9
2190,27,1,4
2191,62,7,17
2192,5,7,4
2193,26,5,4
2194,59,6,14
2195,36,7,11
2196,48,4,25
2197,8,1,22
2198,30,2,10
2199,2,8,3
2200,38,1,13
2201,61,1,25
2202,17,5,11
2203,15,4,21
2204,41,2,7
2205,29,4,4
2206,55,6,21
2207,45,0,22
2208,18,6,5
2209,22,4,22
2210,22,1,8
2211,47,2,25
2212,38,8,3
2213,35,2,23
2214,2,5,21
2215,25,4,11
2216,63,1,20
2217,60,5,1
2218,64,2,2
2219,19,3,23
2220,64,6,18
2221,4,4,7
2222,52,8,3
2223,54,3,12
2224,13,0,6
2225,25,8,8
2226,54,6,21
2227,42,6,24
2228,45,4,24
2229,58,7,19
2230,33,3,15
2231,23,7,19
2232,6,2,18
2233,7,2,25
2234,11,0,16
2235,53,0,12
2236,11,6,7
2237,49,6,5
2238,15,3,12
2239,9,5,20
2240,45,6,8
2241,28,8,7
2242,21,1,12
2243,44,6,13
2244,24,6,20
2245,43,0,7
2246,63,0,18
2247,31,7,19
2248,54,5,18
2249,19,8,23
2250,51,8,8
2251,64,6,17
2252,10,1,15
2253,20,0,25
2254,13,8,18
2255,41,3,7
2256,24,1,21
2257,35,5,1
2258,24,8,22
2259,25,6,18
2260,58,2,22
2261,48,2,24
2262,11,6,19
2263,42,3,14
2264,40,3,11
2265,44,4,18
2266,51,1,11
2267,58,0,12
2268,47,1,13
2269,21,8,24
2270,5,1,6
2271,20,6,2
2272,65,5,21
2273,60,4,11
2274,60,5,3
2275,16,2,7
2276,23,8,25
2277,34,8,14
2278,53,4,24
2279,32,6,23
2280,57,6,24
2281,21,5,18
2282,17,4,25
2283,59,0,13
2284,17,4,4
2285,54,7,20
2286,31,3,23
2287,48,7,17
2288,12,4,19
2289,17,3,5
2290,42,8,21
2291,25,1,1
2292,15,4,21
2293,6,8,25
2294,5,2,15
2295,26,3,12
2296,27,2,2
2297,24,7,6
2298,16,2,17
2299,18,2,12
2300,21,4,12
2301,33,2,7
2302,30,6,11
2303,34,7,7
2304,29,6,21
2305,44,0,4
2306,22,7,4
2307,30,4,20
2308,38,0,3
2309,14,1,10
2310,1,3,12
2311,42,0,3
2312,28,8,19
2313,1,5,5
2314,41,8,15
2315,58,6,14
2316,29,2,4
2317,51,7,25
2318,22,0,3
2319,37,5,7
2320,16,2,10
2321,22,3,18
2322,39,3,11
2323,65,0,7
2324,13,4,12
2325,42,7,9
2326,35,3,25
2327,59,3,3
2328,37,6,3
2329,50,8,17
2330,28,4,1
2331,41,1,12
2332,27,3,6
2333,46,5,6
2334,13,3,15
2335,38,1,13
2336,4,2,20
2337,56,4,3
2338,7,5,17
2339,13,2,23
2340,12,0,4
2341,29,0,10
2342,57,1,24
2343,44,2,7
2344,17,7,18
2345,4,4,7
2346,13,4,16
2347,45,2,10
2348,45,2,11
2349,14,7,23
2350,42,0,15
2351,23,0,8
2352,4,0,18
2353,24,3,14
2354,60,5,11
2355,23,5,18
2356,17,0,20
2357,35,3,9
2358,45,7,10
2359,48,0,23
2360,18,7,19
2361,7,3,12
2362,16,3,14
2363,54,2,24
2364,43,3,2
2365,41,5,5
2366,54,2,7
2367,47,6,10
2368,48,2,5
2369,64,0,21
2370,44,7,10
2371,31,5,3
2372,44,6,24
2373,16,8,20
2374,14,0,5
2375,10,5,15
2376,36,6,2
2377,64,7,15
2378,9,3,20
2379,36,0,17
2380,11,8,11
2381,33,6,1
2382,45,6,22
2383,53,7,9
2384,49,1,25
2385,45,8,3
2386,44,3,19
2387,59,3,18
2388,12,6,15
2389,64,7,9
2390,39,2,21
2391,57,3,18
2392,25,7,12
2393,59,6,5
2394,6,1,2
2395,56,0,1
2396,49,8,10
2397,46,5,18
2398,3,7,23
2399,31,2,1
2400,35,5,2
2401,26,1,12
2402,17,1,4
2403,1,8,15
2404,23,4,21
2405,28,1,6
2406,19,8,24
2407,11,7,24
2408,14,6,4
2409,18,1,13
2410,43,8,19
2411,57,8,8
2412,62,3,8
2413,49,6,10
2414,25,7,12
2415,55,7,3
2416,28,8,19
2417,15,8,2
2418,65,2,7
2419,41,4,14
2420,51,4,24
2421,30,7,14
2422,37,3,9
2423,28,3,4
2424,45,2,21
2425,22,1,19
2426,28,6,8
2427,1,2,5
2428,60,3,9
2429,43,5,20
2430,25,4,21
2431,42,8,3
2432,41,3,13
2433,30,1,25
2434,24,7,3
2435,20,5,7
2436,47,0,14
2437,21,2,1
2438,31,7,11
2439,48,3,22
2440,5,0,14
2441,7,0,7
2442,37,6,20
2443,47,1,7
2444,57,2,14
2445,41,0,25
2446,17,8,12
2447,27,4,3
2448,15,1,10
2449,7,2,22
2450,25,2,16
2451,61,4,8
2452,16,2,13
2453,33,1,10
2454,26,5,23
2455,63,4,19
2456,62,3,22
2457,61,5,18
2458,26,8,17
2459,40,2,5
2460,45,0,13
2461,34,2,18
2462,20,6,7
2463,15,8,1
2464,65,4,22
2465,50,3,11
2466,61,1,25
2467,25,6,18
2468,34,1,4
2469,41,0,5
2470,10,2,22
2471,19,2,6
2472,12,0,5
2473,36,3,23
2474,37,2,14
2475,22,4,1
2476,51,6,4
2477,52,8,15
2478,12,5,23
2479,22,5,7
2480,20,3,18
2481,37,3,9
2482,43,8,2
2483,33,0,14
2484,45,0,21
2485,42,4,6
2486,14,3,4
2487,34,4,10
2488,35,4,9
2489,46,5,15
2490,7,8,10
2491,60,3,12
2492,45,2,25
2493,11,4,22
2494,32,7,20
2495,39,5,2
2496,52,4,14
2497,46,3,22
2498,22,4,22
2499,63,8,25
2500,35,2,21
2501,44,5,25
2502,6,3,11
2503,35,1,20
2504,30,1,6
2505,42,3,9
2506,58,1,4
2507,5,8,15
2508,17,0,20
2509,28,6,3
2510,45,4,19
2511,6,6,12
2512,23,2,11
2513,42,7,6
2514,29,0,14
2515,36,7,7
2516,33,6,2
2517,28,4,23
2518,41,7,2
2519,23,2,1
2520,55,1,3
2521,5,5,18
2522,46,7,22
2523,45,3,4
2524,24,3,7
2525,62,0,20
2526,51,6,10
2527,18,0,11
2528,22,0,24
2529,45,3,12
2530,8,8,25
2531,40,0,6
2532,31,8,17
2533,62,0,11
2534,45,6,24
2535,10,6,25
2536,45,4,9
2537,7,6,25
2538,8,7,2
2539,9,6,16
2540,5,2,18
2541,25,4,5
2542,42,5,8
2543,43,8,19
2544,35,7,25
2545,52,5,18
2546,19,1,3
2547,3,7,2
2548,8,7,21
2549,46,5,12
2550,10,5,22
2551,40,3,9
2552,41,7,14
2553,31,8,4
2554,20,2,9
2555,33,3,8
2556,46,1,15
2557,19,6,9
2558,27,5,5
2559,31,4,12
2560,62,4,9
2561,50,3,11
2562,28,5,11
2563,51,4,9
2564,4,0,1
2565,34,1,4
2566,55,1,15
2567,10,0,15
2568,38,7,22
2569,43,3,16
2570,65,4,14
2571,35,5,2
2572,2,2,12
2573,25,1,13
2574,25,8,8
2575,46,4,11
2576,32,0,11
2577,63,4,7
2578,16,4,15
2579,50,8,23
2580,41,1,12
2581,44,1,19
2582,46,2,4
2583,43,0,8
2584,30,4,2
2585,22,3,2
2586,14,3,4
2587,62,8,4
2588,32,7,7
2589,59,6,3
2590,60,6,12
2591,30,8,22
2592,62,8,5
2593,17,7,7
2594,58,3,4
2595,33,5,17
2596,64,2,9
2597,54,4,6
2598,46,8,2
2599,8,2,14
2600,36,8,6
2601,45,2,17
2602,5,1,17
2603,53,6,23
2604,43,8,14
2605,61,2,8
2606,56,8,8
2607,19,8,22
2608,33,2,24
2609,35,6,22
2610,41,2,6
2611,20,6,5
2612,58,4,10
2613,16,2,5
2614,28,1,10
2615,29,5,20
2616,52,8,3
2617,25,5,19
2618,19,2,23
2619,19,2,10
2620,14,5,20
2621,24,7,20
2622,26,5,3
2623,43,2,1
2624,43,1,12
2625,22,1,19
2626,11,6,13
2627,33,6,10
2628,27,6,19
2629,35,1,3
2630,65,4,1
2631,13,3,6
2632,13,3,18
2633,15,4,3
2634,58,2,8
2635,50,6,7
2636,7,2,1
2637,25,1,22
2638,8,8,10
2639,21,7,13
2640,2,4,10
2641,6,7,3
2642,34,0,24
2643,32,1,18
2644,17,5,6
2645,27,8,3
2646,9,8,23
2647,45,2,17
2648,25,3,15
2649,27,3,21
2650,36,1,19
2651,59,6,5
2652,31,4,5
2653,59,2,10
2654,62,0,12
2655,60,2,20
2656,35,6,12
2657,34,6,17
2658,28,2,16
2659,13,5,15
2660,52,4,12
2661,35,4,4
2662,27,6,3
2663,54,0,24
2664,65,1,6
2665,18,2,4
2666,8,0,7
2667,34,0,22
2668,19,3,20
2669,58,2,6
2670,62,6,11
2671,32,6,15
2672,59,8,7
2673,48,1,9
2674,52,4,7
2675,50,0,20
2676,45,4,17
2677,17,4,22
2678,45,5,13
2679,49,2,14
2680,22,3,2
2681,33,3,11
2682,56,4,10
2683,19,6,15
2684,22,1,1
2685,56,0,12
2686,43,7,8
2687,6,0,23
2688,4,0,9
2689,63,7,9
2690,61,8,20
2691,26,2,14
2692,8,0,8
2693,33,3,25
2694,1,5,17
2695,36,3,18
2696,19,2,16
2697,49,8,20
2698,48,2,5
2699,21,6,9
2700,14,6,14
2701,55,0,9
2702,62,7,1
2703,39,3,10
2704,1,5,19
2705,25,2,23
2706,46,7,25
2707,39,2,3
2708,64,1,3
2709,40,5,21
2710,29,8,2
2711,30,4,6
2712,61,3,6
2713,17,4,20
2714,56,1,5
2715,7,2,3
2716,9,6,13
2717,28,3,21
2718,54,6,21
2719,45,5,24
2720,46,1,9
2721,20,8,2
2722,51,5,23
2723,12,5,13
2724,24,6,2
2725,52,1,19
2726,43,5,17
2727,42,6,10
2728,60,4,25
2729,2,8,3
2730,8,0,3
2731,64,7,20
2732,23,5,25
2733,29,8,23
2734,40,0,21
2735,55,7,22
2736,6,2,19
2737,43,4,9
2738,43,8,2
2739,5,2,16
2740,41,4,12
2741,7,4,11
2742,56,8,20
2743,36,8,9
2744,63,0,11
2745,25,7,20
2746,6,2,13
2747,62,0,6
2748,22,1,21
2749,56,0,23
2750,17,4,19
2751,2,2,9
2752,61,2,17
2753,37,2,2
2754,16,0,5
2755,60,8,5
2756,41,4,24
2757,60,6,19
2758,15,8,8
2759,54,2,9
2760,16,5,5
2761,44,0,3
2762,29,5,15
2763,12,3,10
2764,60,3,15
2765,43,7,4
2766,12,4,25
2767,26,8,18
2768,8,8,22
2769,35,6,14
2770,23,0,4
2771,50,8,7
2772,50,5,15
2773,64,8,11
2774,1,5,24
2775,57,3,7
2776,22,7,8
2777,2,1,24
2778,14,7,25
2779,7,0,16
2780,3,5,2
2781,46,3,1
2782,12,2,3
2783,62,7,18
2784,32,7,24
2785,22,4,5
2786,46,1,25
2787,4,8,16
2788,31,5,13
2789,44,7,25
2790,43,6,20
2791,59,4,9
2792,51,8,4
2793,13,1,22
2794,29,2,15
2795,28,4,24
2796,60,6,19
2797,6,8,3
2798,51,8,19
2799,22,5,16
2800,12,0,2
2801,4,3,22
2802,41,4,17
2803,34,1,10
2804,62,7,12
2805,54,0,2
2806,15,7,6
2807,61,2,9
2808,52,3,11
2809,59,7,10
2810,35,4,24
2811,40,8,18
2812,43,8,14
2813,57,2,5
2814,57,1,7
2815,25,4,15
2816,28,0,1
2817,28,8,16
2818,36,7,17
2819,26,3,16
2820,13,3,1
2821,49,6,11
2822,40,4,2
2823,7,4,16
2824,34,7,17
2825,7,2,2
2826,53,0,20
2827,9,6,16
2828,37,8,15
2829,21,5,21
2830,44,2,9
2831,43,4,6
2832,6,4,14
2833,2,6,10
2834,55,1,16
2835,17,0,23
2836,56,6,15
2837,46,6,18
2838,26,6,5
2839,31,2,9
2840,17,0,1
2841,9,7,8
2842,48,3,12
2843,10,6,16
2844,44,6,8
2845,59,3,22
2846,38,6,1
2847,33,3,16
2848,15,1,3
2849,19,2,7
2850,8,8,2
2851,29,2,3
2852,10,5,8
2853,36,5,19
2854,51,1,7
2855,36,3,4
2856,13,0,24
2857,26,3,6
2858,59,2,15
2859,42,3,25
2860,17,0,25
2861,60,6,25
2862,28,6,20
2863,23,2,19
2864,31,2,7
2865,57,4,2
2866,56,2,25
2867,41,1,14
2868,52,0,25
2869,20,6,1
2870,24,8,20
2871,14,5,3
2872,29,0,2
2873,34,6,16
2874,5,7,15
2875,12,3,24
2876,30,6,5
2877,5,4,24
2878,17,5,14
2879,4,2,22
2880,9,5,8
2881,25,8,18
2882,62,6,4
2883,37,3,17
2884,9,1,17
2885,55,4,24
2886,20,5,8
2887,57,3,23
2888,53,0,15
2889,25,1,14
2890,3,7,20
2891,17,0,10
2892,14,7,21
2893,7,8,7
2894,46,3,22
2895,30,2,17
2896,16,7,4
2897,15,8,14
2898,47,4,1
2899,51,4,3
2900,48,1,18
2901,36,0,20
2902,54,1,9
2903,36,7,18
2904,11,4,18
2905,41,8,25
2906,12,0,20
2907,16,7,16
2908,26,1,8
2909,5,5,7
2910,8,7,19
2911,56,5,24
2912,27,4,16
2913,9,1,13
2914,53,3,6
2915,3,7,6
2916,8,7,19
2917,41,4,19
2918,21,6,13
2919,17,6,17
2920,48,2,24
2921,26,5,10
2922,47,7,6
2923,8,2,12
2924,10,3,17
2925,41,4,20
2926,48,7,23
2927,12,3,25
2928,28,4,9
2929,22,7,2
2930,6,3,24
2931,4,1,11
2932,49,8,3
2933,36,4,21
2934,29,5,24
2935,48,0,2
2936,13,5,4
2937,60,1,19
2938,28,8,25
2939,30,0,11
2940,8,6,19
2941,60,0,4
2942,49,5,18
2943,54,8,14
2944,12,7,7
2945,18,1,21
2946,14,6,4
2947,42,4,11
2948,29,3,3
2949,62,0,19
2950,30,7,8
2951,28,6,3
2952,59,5,17
2953,59,6,23
2954,24,1,7
2955,33,7,3
2956,43,8,13
2957,22,6,22
2958,51,5,6
2959,55,1,24
2960,62,4,6
2961,59,2,19
2962,7,7,17
2963,57,7,17
2964,20,8,4
2965,35,2,19
2966,32,2,19
2967,52,4,12
2968,18,6,21
2969,4,7,5
2970,26,3,9
2971,42,3,15
2972,25,1,15
2973,47,7,16
2974,5,8,19
2975,54,5,13
2976,4,1,6
2977,57,0,14
2978,45,4,13
2979,56,7,4
2980,51,3,7
2981,63,2,17
2982,3,4,18
2983,34,1,5
2984,29,6,13
2985,21,0,9
2986,58,7,5
2987,48,5,19
2988,36,5,3
2989,5,0,20
2990,8,5,24
2991,21,4,22
2992,56,3,15
2993,36,1,19
2994,60,1,22
2995,65,0,8
2996,1,7,1
2997,54,1,21
2998,54,6,17
2999,4,7,12
3000,62,1,2
3001,26,3,25
3002,19,3,1
3003,35,7,4
3004,61,6,5
3005,45,8,1
3006,31,2,9
3007,47,2,18
3008,14,4,3
3009,48,7,1
3010,3,4,20
3011,9,5,17
3012,64,7,22
3013,18,0,19
3014,23,1,13
3015,44,6,23
3016,53,8,17
3017,1,8,10
3018,60,4,16
3019,61,3,6
3020,12,4,25
3021,54,0,25
3022,9,4,24
3023,52,5,21
3024,42,1,9
3025,25,3,15
3026,45,0,13
3027,1,0,13
3028,53,8,19
3029,46,6,16
3030,5,0,13
3031,21,5,25
3032,8,6,25
3033,40,6,18
3034,40,3,20
3035,5,4,13
3036,44,7,20
3037,36,7,25
3038,51,0,17
3039,64,6,2
3040,11,2,17
3041,6,0,18
3042,13,2,25
3043,12,8,22
3044,43,1,7
3045,34,5,6
3046,24,1,19
3047,19,3,10
3048,20,5,13
3049,59,7,22
3050,27,3,19
3051,1,4,5
3052,55,4,18
3053,55,7,13
3054,64,3,20
3055,42,6,12
3056,52,5,11
3057,30,6,21
3058,21,6,21
3059,45,1,20
3060,36,5,16
3061,50,2,2
3062,37,8,4
3063,33,8,23
3064,18,8,12
3065,6,6,12
3066,1,4,22
3067,41,0,22
3068,12,4,11
3069,15,8,6
3070,53,1,23
3071,35,7,8
3072,23,5,18
3073,22,1,19
3074,24,1,15
3075,48,7,13
3076,44,1,10
3077,38,0,18
3078,49,5,5
3079,18,6,13
3080,65,1,9
3081,42,0,19
3082,53,6,4
3083,1,8,9
3084,25,8,18
3085,20,1,2
3086,55,8,1
3087,32,5,6
3088,20,4,7
3089,21,2,20
3090,18,2,7
3091,41,4,23
3092,62,3,14
3093,50,3,12
3094,9,2,17
3095,20,5,17
3096,58,0,7
3097,57,4,1
3098,41,7,17
3099,1,3,7
3100,32,0,4
3101,34,5,7
3102,58,5,6
3103,31,2,20
3104,62,0,18
3105,31,2,8
3106,21,8,11
3107,31,6,21
3108,45,5,7
3109,28,6,9
3110,45,7,11
3111,63,0,1
3112,12,3,16
3113,56,2,14
3114,16,3,14
3115,49,6,11
3116,53,5,8
3117,10,8,25
3118,15,4,19
3119,29,3,10
3120,30,5,8
3121,15,1,21
3122,29,2,17
3123,9,6,17
3124,45,7,1
3125,16,8,17
3126,63,1,2
3127,30,0,6
3128,28,3,17
3129,38,4,14
3130,43,5,11
3131,49,5,15
3132,4,6,8
3133,35,7,17
3134,20,2,22
3135,14,8,18
3136,26,5,23
3137,25,0,10
3138,27,6,6
3139,34,6,6
3140,12,7,14
3141,21,2,1
3142,10,2,20
3143,43,7,20
3144,10,1,22
3145,54,7,16
3146,57,4,20
3147,37,1,25
3148,20,5,21
3149,31,4,21
3150,13,8,5
3151,35,3,25
3152,47,8,6
3153,11,3,23
3154,46,7,6
3155,25,8,15
3156,58,3,2
3157,32,4,12
3158,55,0,16
3159,32,2,20
3160,48,5,12
3161,59,8,19
3162,11,2,10
3163,3,7,16
3164,13,3,10
3165,22,2,9
3166,61,5,19
3167,47,4,18
3168,63,8,17
3169,48,0,25
3170,38,6,22
3171,25,7,6
3172,63,6,5
3173,5,8,19
3174,53,5,3
3175,12,0,8
3176,9,4,11
3177,44,8,20
3178,2,4,3
3179,28,1,22
3180,58,8,1
3181,29,7,5
3182,56,4,19
3183,41,8,22
3184,39,0,7
3185,35,2,9
3186,53,0,14
3187,20,7,24
3188,56,7,5
3189,51,3,23
3190,64,0,11
3191,8,8,21
3192,50,6,6
3193,1,7,15
3194,26,3,10
3195,33,7,5
3196,41,7,10
3197,50,7,7
3198,3,2,23
3199,49,0,3
3200,37,1,20
3201,2,7,24
3202,20,4,22
3203,6,8,12
3204,29,8,4
3205,36,2,22
3206,23,5,2
3207,24,7,5
3208,28,7,1
3209,18,7,8
3210,17,5,8
3211,4,4,4
3212,37,4,23
3213,14,6,7
3214,3,6,10
3215,10,2,10
3216,21,0,25
3217,25,2,24
3218,15,6,15
3219,7,4,4
3220,52,1,22
3221,63,0,10
3222,48,0,9
3223,36,6,6
3224,13,4,23
3225,65,5,23
3226,12,1,11
3227,5,7,7
3228,56,6,5
3229,55,5,2
3230,11,0,15
3231,45,5,21
3232,55,2,14
3233,5,4,8
3234,27,3,24
3235,6,4,20
3236,43,3,5
3237,11,7,20
3238,33,4,22
3239,7,2,24
3240,30,5,1
3241,26,5,19
3242,35,1,19
3243,16,5,10
3244,21,4,18
3245,53,4,1
3246,13,7,19
3247,49,7,6
3248,36,2,14
3249,55,1,5
3250,8,1,16
3251,18,1,9
3252,35,8,24
3253,12,7,14
3254,15,4,12
3255,9,2,8
3256,9,1,7
3257,26,0,16
3258,4,1,9
3259,56,1,8
3260,45,8,3
3261,29,3,5
3262,25,6,8
3263,18,3,15
3264,41,3,15
3265,51,2,4
3266,63,6,1
3267,1,8,5
3268,9,0,1
3269,43,6,14
3270,8,7,14
3271,37,0,13
3272,43,8,6
3273,57,1,24
3274,21,5,19
3275,6,3,12
3276,38,1,22
3277,29,2,17